2025-09-05 10:59:29,715 - __main__ - INFO - === Starting Comprehensive Hindu Texts Training ===
2025-09-05 10:59:29,716 - __main__ - INFO - Target: 90-95% accuracy with all datasets
2025-09-05 10:59:29,896 - services.vector_store - ERROR - Error ensuring collection exists: [Errno 99] Cannot assign requested address
2025-09-05 10:59:29,896 - services.vector_store - WARNING - Vector store not available: [Errno 99] Cannot assign requested address
2025-09-05 10:59:29,899 - services.vector_store - INFO - Application will run without vector database functionality
2025-09-05 10:59:29,899 - services.rag_service - INFO - Qdrant not available, using FAISS vector store
2025-09-05 10:59:29,899 - services.faiss_vector_store - INFO - FAISS vector store initialized with 0 vectors
2025-09-05 10:59:29,901 - __main__ - INFO - Initializing database with comprehensive datasets...
2025-09-05 10:59:29,902 - services.rag_service - INFO - Force reloading database...
2025-09-05 10:59:29,905 - services.faiss_vector_store - INFO - Index and metadata saved successfully
2025-09-05 10:59:29,905 - services.faiss_vector_store - INFO - Collection cleared successfully
2025-09-05 10:59:29,905 - services.rag_service - INFO - Processing documents...
2025-09-05 10:59:29,941 - services.document_processor - INFO - Processing CSV file: attached_assets/Bhagwad_Gita_Verses_English_Questions_1757068789961.csv with 700 rows
2025-09-05 10:59:30,000 - services.document_processor - INFO - Processed 795 document chunks from attached_assets/Bhagwad_Gita_Verses_English_Questions_1757068789961.csv
2025-09-05 10:59:30,013 - services.document_processor - INFO - Processing TXT file: attached_assets/gitaEdition_1757068789962.txt
2025-09-05 10:59:30,034 - services.document_processor - INFO - Processed 0 document chunks from attached_assets/gitaEdition_1757068789962.txt
2025-09-05 10:59:30,039 - services.document_processor - INFO - Processing CSV file: attached_assets/Patanjali_Yoga_Sutras_Verses_English_Questions_1757068789965.csv with 195 rows
2025-09-05 10:59:30,052 - services.document_processor - INFO - Processed 232 document chunks from attached_assets/Patanjali_Yoga_Sutras_Verses_English_Questions_1757068789965.csv
2025-09-05 10:59:30,075 - services.document_processor - INFO - Processing CSV file: attached_assets/processed_bhagwat_gita_1757068789966.csv with 700 rows
2025-09-05 10:59:30,171 - services.document_processor - INFO - Processed 6128 document chunks from attached_assets/processed_bhagwat_gita_1757068789966.csv
2025-09-05 10:59:30,195 - services.document_processor - INFO - Processing CSV file: attached_assets/processed_gita_some_empty_columns_1757068789967.csv with 700 rows
2025-09-05 10:59:30,270 - services.document_processor - INFO - Processed 4686 document chunks from attached_assets/processed_gita_some_empty_columns_1757068789967.csv
2025-09-05 10:59:30,278 - services.document_processor - INFO - Processing CSV file: attached_assets/processed_yoga_sutra_1757068789967.csv with 167 rows
2025-09-05 10:59:30,297 - services.document_processor - INFO - Processed 1194 document chunks from attached_assets/processed_yoga_sutra_1757068789967.csv
2025-09-05 10:59:30,416 - services.document_processor - INFO - Processing JSON file: attached_assets/valmiki-ramayana-verses_1757069097291.json with 18173 entries
2025-09-05 10:59:30,477 - services.document_processor - INFO - Processed 19122 document chunks from attached_assets/valmiki-ramayana-verses_1757069097291.json
2025-09-05 10:59:30,482 - services.document_processor - INFO - Processing CSV file: attached_assets/RamayanaFinal_1757069097292.csv with 80 rows
2025-09-05 10:59:30,488 - services.document_processor - INFO - Processed 0 document chunks from attached_assets/RamayanaFinal_1757069097292.csv
2025-09-05 10:59:30,528 - services.document_processor - INFO - Processing CSV file: attached_assets/valmiki-ramayana-verses_1757069097293.csv with 18173 rows
2025-09-05 10:59:31,974 - services.document_processor - INFO - Processed 0 document chunks from attached_assets/valmiki-ramayana-verses_1757069097293.csv
2025-09-05 10:59:32,040 - services.document_processor - INFO - Processing CSV file: attached_assets/verses-extracted_1757069111173.csv with 18453 rows
2025-09-05 10:59:33,630 - services.document_processor - INFO - Processed 0 document chunks from attached_assets/verses-extracted_1757069111173.csv
2025-09-05 10:59:33,638 - services.document_processor - INFO - Processing CSV file: attached_assets/ramayana_links_1757069125889.csv with 596 rows
2025-09-05 10:59:33,686 - services.document_processor - INFO - Processed 0 document chunks from attached_assets/ramayana_links_1757069125889.csv
2025-09-05 10:59:33,687 - services.document_processor - INFO - Total processed documents: 32157
2025-09-05 10:59:33,687 - services.rag_service - INFO - Generating embeddings...
2025-09-05 10:59:33,903 - services.api_client - ERROR - Error getting embedding: 401 Client Error: Unauthorized for url: https://api.mistral.ai/v1/embeddings
2025-09-05 10:59:34,113 - services.api_client - ERROR - Error getting embedding from OpenRouter: Expecting value: line 1 column 1 (char 0)
2025-09-05 11:02:19,064 - services.api_client - ERROR - Error getting embedding from OpenRouter: Expecting value: line 1 column 1 (char 0)
2025-09-05 11:02:19,065 - services.rag_service - ERROR - Error generating embedding for document 378: Expecting value: line 1 column 1 (char 0)
2025-09-05 11:02:19,264 - services.api_client - ERROR - Error getting embedding: 401 Client Error: Unauthorized for url: https://api.mistral.ai/v1/embeddings
2025-09-05 11:02:19,432 - services.api_client - ERROR - Error getting embedding from OpenRouter: Expecting value: line 1 column 1 (char 0)
2025-09-05 11:02:19,433 - services.rag_service - ERROR - Error generating embedding for document 379: Expecting value: line 1 column 1 (char 0)
2025-09-05 11:02:19,669 - services.api_client - ERROR - Error getting embedding: 401 Client Error: Unauthorized for url: https://api.mistral.ai/v1/embeddings
2025-09-05 11:02:19,859 - services.api_client - ERROR - Error getting embedding from OpenRouter: Expecting value: line 1 column 1 (char 0)
2025-09-05 11:02:19,859 - services.rag_service - ERROR - Error generating embedding for document 380: Expecting value: line 1 column 1 (char 0)
2025-09-05 11:02:20,060 - services.api_client - ERROR - Error getting embedding: 401 Client Error: Unauthorized for url: https://api.mistral.ai/v1/embeddings
2025-09-05 11:02:20,248 - services.api_client - ERROR - Error getting embedding from OpenRouter: Expecting value: line 1 column 1 (char 0)
2025-09-05 11:02:20,250 - services.rag_service - ERROR - Error generating embedding for document 381: Expecting value: line 1 column 1 (char 0)
2025-09-05 11:02:20,468 - services.api_client - ERROR - Error getting embedding: 401 Client Error: Unauthorized for url: https://api.mistral.ai/v1/embeddings
2025-09-05 11:02:20,664 - services.api_client - ERROR - Error getting embedding from OpenRouter: Expecting value: line 1 column 1 (char 0)
2025-09-05 11:02:20,664 - services.rag_service - ERROR - Error generating embedding for document 382: Expecting value: line 1 column 1 (char 0)
2025-09-05 11:02:20,910 - services.api_client - ERROR - Error getting embedding: 401 Client Error: Unauthorized for url: https://api.mistral.ai/v1/embeddings
2025-09-05 11:02:21,096 - services.api_client - ERROR - Error getting embedding from OpenRouter: Expecting value: line 1 column 1 (char 0)
2025-09-05 11:02:21,096 - services.rag_service - ERROR - Error generating embedding for document 383: Expecting value: line 1 column 1 (char 0)
2025-09-05 11:02:21,353 - services.api_client - ERROR - Error getting embedding: 401 Client Error: Unauthorized for url: https://api.mistral.ai/v1/embeddings
2025-09-05 11:02:21,527 - services.api_client - ERROR - Error getting embedding from OpenRouter: Expecting value: line 1 column 1 (char 0)
2025-09-05 11:02:21,527 - services.rag_service - ERROR - Error generating embedding for document 384: Expecting value: line 1 column 1 (char 0)
2025-09-05 11:02:21,753 - services.api_client - ERROR - Error getting embedding: 401 Client Error: Unauthorized for url: https://api.mistral.ai/v1/embeddings
2025-09-05 11:02:21,948 - services.api_client - ERROR - Error getting embedding from OpenRouter: Expecting value: line 1 column 1 (char 0)
2025-09-05 11:02:21,948 - services.rag_service - ERROR - Error generating embedding for document 385: Expecting value: line 1 column 1 (char 0)
2025-09-05 11:02:22,186 - services.api_client - ERROR - Error getting embedding: 401 Client Error: Unauthorized for url: https://api.mistral.ai/v1/embeddings
2025-09-05 11:02:22,358 - services.api_client - ERROR - Error getting embedding from OpenRouter: Expecting value: line 1 column 1 (char 0)
2025-09-05 11:02:22,359 - services.rag_service - ERROR - Error generating embedding for document 386: Expecting value: line 1 column 1 (char 0)
2025-09-05 11:02:22,584 - services.api_client - ERROR - Error getting embedding: 401 Client Error: Unauthorized for url: https://api.mistral.ai/v1/embeddings
2025-09-05 11:02:22,784 - services.api_client - ERROR - Error getting embedding from OpenRouter: Expecting value: line 1 column 1 (char 0)
2025-09-05 11:02:22,806 - services.rag_service - ERROR - Error generating embedding for document 387: Expecting value: line 1 column 1 (char 0)
2025-09-05 11:02:23,066 - services.api_client - ERROR - Error getting embedding: 401 Client Error: Unauthorized for url: https://api.mistral.ai/v1/embeddings
2025-09-05 11:02:23,290 - services.api_client - ERROR - Error getting embedding from OpenRouter: Expecting value: line 1 column 1 (char 0)
2025-09-05 11:02:23,290 - services.rag_service - ERROR - Error generating embedding for document 388: Expecting value: line 1 column 1 (char 0)
2025-09-05 11:02:23,499 - services.api_client - ERROR - Error getting embedding: 401 Client Error: Unauthorized for url: https://api.mistral.ai/v1/embeddings
2025-09-05 11:02:23,680 - services.api_client - ERROR - Error getting embedding from OpenRouter: Expecting value: line 1 column 1 (char 0)
2025-09-05 11:02:23,680 - services.rag_service - ERROR - Error generating embedding for document 389: Expecting value: line 1 column 1 (char 0)
2025-09-05 11:02:23,908 - services.api_client - ERROR - Error getting embedding: 401 Client Error: Unauthorized for url: https://api.mistral.ai/v1/embeddings
2025-09-05 11:02:24,110 - services.api_client - ERROR - Error getting embedding from OpenRouter: Expecting value: line 1 column 1 (char 0)
2025-09-05 11:02:24,110 - services.rag_service - ERROR - Error generating embedding for document 390: Expecting value: line 1 column 1 (char 0)
2025-09-05 11:02:24,317 - services.api_client - ERROR - Error getting embedding: 401 Client Error: Unauthorized for url: https://api.mistral.ai/v1/embeddings
2025-09-05 11:02:24,507 - services.api_client - ERROR - Error getting embedding from OpenRouter: Expecting value: line 1 column 1 (char 0)
2025-09-05 11:02:24,507 - services.rag_service - ERROR - Error generating embedding for document 391: Expecting value: line 1 column 1 (char 0)
2025-09-05 11:02:24,770 - services.api_client - ERROR - Error getting embedding: 401 Client Error: Unauthorized for url: https://api.mistral.ai/v1/embeddings
2025-09-05 11:02:24,971 - services.api_client - ERROR - Error getting embedding from OpenRouter: Expecting value: line 1 column 1 (char 0)
2025-09-05 11:02:24,973 - services.rag_service - ERROR - Error generating embedding for document 392: Expecting value: line 1 column 1 (char 0)
2025-09-05 11:02:25,183 - services.api_client - ERROR - Error getting embedding: 401 Client Error: Unauthorized for url: https://api.mistral.ai/v1/embeddings
2025-09-05 11:02:25,371 - services.api_client - ERROR - Error getting embedding from OpenRouter: Expecting value: line 1 column 1 (char 0)
2025-09-05 11:02:25,372 - services.rag_service - ERROR - Error generating embedding for document 393: Expecting value: line 1 column 1 (char 0)
2025-09-05 11:02:25,583 - services.api_client - ERROR - Error getting embedding: 401 Client Error: Unauthorized for url: https://api.mistral.ai/v1/embeddings
2025-09-05 11:02:25,763 - services.api_client - ERROR - Error getting embedding from OpenRouter: Expecting value: line 1 column 1 (char 0)
2025-09-05 11:02:25,763 - services.rag_service - ERROR - Error generating embedding for document 394: Expecting value: line 1 column 1 (char 0)
2025-09-05 11:02:25,962 - services.api_client - ERROR - Error getting embedding: 401 Client Error: Unauthorized for url: https://api.mistral.ai/v1/embeddings
2025-09-05 11:02:26,130 - services.api_client - ERROR - Error getting embedding from OpenRouter: Expecting value: line 1 column 1 (char 0)
2025-09-05 11:02:26,130 - services.rag_service - ERROR - Error generating embedding for document 395: Expecting value: line 1 column 1 (char 0)
2025-09-05 11:02:26,342 - services.api_client - ERROR - Error getting embedding: 401 Client Error: Unauthorized for url: https://api.mistral.ai/v1/embeddings
2025-09-05 11:02:26,533 - services.api_client - ERROR - Error getting embedding from OpenRouter: Expecting value: line 1 column 1 (char 0)
2025-09-05 11:02:26,534 - services.rag_service - ERROR - Error generating embedding for document 396: Expecting value: line 1 column 1 (char 0)
2025-09-05 11:02:26,970 - services.api_client - ERROR - Error getting embedding: 401 Client Error: Unauthorized for url: https://api.mistral.ai/v1/embeddings
2025-09-05 11:02:27,141 - services.api_client - ERROR - Error getting embedding from OpenRouter: Expecting value: line 1 column 1 (char 0)
2025-09-05 11:02:27,142 - services.rag_service - ERROR - Error generating embedding for document 397: Expecting value: line 1 column 1 (char 0)
2025-09-05 11:02:27,346 - services.api_client - ERROR - Error getting embedding: 401 Client Error: Unauthorized for url: https://api.mistral.ai/v1/embeddings
2025-09-05 11:02:27,531 - services.api_client - ERROR - Error getting embedding from OpenRouter: Expecting value: line 1 column 1 (char 0)
2025-09-05 11:02:27,531 - services.rag_service - ERROR - Error generating embedding for document 398: Expecting value: line 1 column 1 (char 0)
2025-09-05 11:02:27,745 - services.api_client - ERROR - Error getting embedding: 401 Client Error: Unauthorized for url: https://api.mistral.ai/v1/embeddings
2025-09-05 11:02:27,930 - services.api_client - ERROR - Error getting embedding from OpenRouter: Expecting value: line 1 column 1 (char 0)
2025-09-05 11:02:27,931 - services.rag_service - ERROR - Error generating embedding for document 399: Expecting value: line 1 column 1 (char 0)
2025-09-05 11:02:28,152 - services.api_client - ERROR - Error getting embedding: 401 Client Error: Unauthorized for url: https://api.mistral.ai/v1/embeddings
2025-09-05 11:02:28,350 - services.api_client - ERROR - Error getting embedding from OpenRouter: Expecting value: line 1 column 1 (char 0)
2025-09-05 11:02:28,350 - services.rag_service - ERROR - Error generating embedding for document 400: Expecting value: line 1 column 1 (char 0)
2025-09-05 11:02:28,555 - services.api_client - ERROR - Error getting embedding: 401 Client Error: Unauthorized for url: https://api.mistral.ai/v1/embeddings
2025-09-05 11:02:28,734 - services.api_client - ERROR - Error getting embedding from OpenRouter: Expecting value: line 1 column 1 (char 0)
2025-09-05 11:02:28,734 - services.rag_service - ERROR - Error generating embedding for document 401: Expecting value: line 1 column 1 (char 0)
2025-09-05 11:02:28,960 - services.api_client - ERROR - Error getting embedding: 401 Client Error: Unauthorized for url: https://api.mistral.ai/v1/embeddings
2025-09-05 11:02:29,159 - services.api_client - ERROR - Error getting embedding from OpenRouter: Expecting value: line 1 column 1 (char 0)
2025-09-05 11:02:29,160 - services.rag_service - ERROR - Error generating embedding for document 402: Expecting value: line 1 column 1 (char 0)
2025-09-05 11:02:29,358 - services.api_client - ERROR - Error getting embedding: 401 Client Error: Unauthorized for url: https://api.mistral.ai/v1/embeddings
2025-09-05 11:02:29,555 - services.api_client - ERROR - Error getting embedding from OpenRouter: Expecting value: line 1 column 1 (char 0)
2025-09-05 11:02:29,556 - services.rag_service - ERROR - Error generating embedding for document 403: Expecting value: line 1 column 1 (char 0)
2025-09-05 11:02:29,772 - services.api_client - ERROR - Error getting embedding: 401 Client Error: Unauthorized for url: https://api.mistral.ai/v1/embeddings
2025-09-05 11:02:29,946 - services.api_client - ERROR - Error getting embedding from OpenRouter: Expecting value: line 1 column 1 (char 0)
2025-09-05 11:02:29,946 - services.rag_service - ERROR - Error generating embedding for document 404: Expecting value: line 1 column 1 (char 0)
2025-09-05 11:02:30,372 - services.api_client - ERROR - Error getting embedding: 401 Client Error: Unauthorized for url: https://api.mistral.ai/v1/embeddings
2025-09-05 11:02:30,554 - services.api_client - ERROR - Error getting embedding from OpenRouter: Expecting value: line 1 column 1 (char 0)
2025-09-05 11:02:30,555 - services.rag_service - ERROR - Error generating embedding for document 405: Expecting value: line 1 column 1 (char 0)
2025-09-05 11:02:30,757 - services.api_client - ERROR - Error getting embedding: 401 Client Error: Unauthorized for url: https://api.mistral.ai/v1/embeddings
2025-09-05 11:02:30,921 - services.api_client - ERROR - Error getting embedding from OpenRouter: Expecting value: line 1 column 1 (char 0)
2025-09-05 11:02:30,921 - services.rag_service - ERROR - Error generating embedding for document 406: Expecting value: line 1 column 1 (char 0)
2025-09-05 11:02:31,124 - services.api_client - ERROR - Error getting embedding: 401 Client Error: Unauthorized for url: https://api.mistral.ai/v1/embeddings
2025-09-05 11:02:31,382 - services.api_client - ERROR - Error getting embedding from OpenRouter: Expecting value: line 1 column 1 (char 0)
2025-09-05 11:02:31,383 - services.rag_service - ERROR - Error generating embedding for document 407: Expecting value: line 1 column 1 (char 0)
2025-09-05 11:02:31,585 - services.api_client - ERROR - Error getting embedding: 401 Client Error: Unauthorized for url: https://api.mistral.ai/v1/embeddings
2025-09-05 11:02:31,759 - services.api_client - ERROR - Error getting embedding from OpenRouter: Expecting value: line 1 column 1 (char 0)
2025-09-05 11:02:31,761 - services.rag_service - ERROR - Error generating embedding for document 408: Expecting value: line 1 column 1 (char 0)
2025-09-05 11:02:32,001 - services.api_client - ERROR - Error getting embedding: 401 Client Error: Unauthorized for url: https://api.mistral.ai/v1/embeddings
2025-09-05 11:02:32,162 - services.api_client - ERROR - Error getting embedding from OpenRouter: Expecting value: line 1 column 1 (char 0)
2025-09-05 11:02:32,162 - services.rag_service - ERROR - Error generating embedding for document 409: Expecting value: line 1 column 1 (char 0)
2025-09-05 11:02:32,368 - services.api_client - ERROR - Error getting embedding: 401 Client Error: Unauthorized for url: https://api.mistral.ai/v1/embeddings
2025-09-05 11:02:32,549 - services.api_client - ERROR - Error getting embedding from OpenRouter: Expecting value: line 1 column 1 (char 0)
2025-09-05 11:02:32,549 - services.rag_service - ERROR - Error generating embedding for document 410: Expecting value: line 1 column 1 (char 0)
2025-09-05 11:02:32,751 - services.api_client - ERROR - Error getting embedding: 401 Client Error: Unauthorized for url: https://api.mistral.ai/v1/embeddings
2025-09-05 11:02:32,933 - services.api_client - ERROR - Error getting embedding from OpenRouter: Expecting value: line 1 column 1 (char 0)
2025-09-05 11:02:32,937 - services.rag_service - ERROR - Error generating embedding for document 411: Expecting value: line 1 column 1 (char 0)
2025-09-05 11:02:33,179 - services.api_client - ERROR - Error getting embedding: 401 Client Error: Unauthorized for url: https://api.mistral.ai/v1/embeddings
2025-09-05 11:02:33,333 - services.api_client - ERROR - Error getting embedding from OpenRouter: Expecting value: line 1 column 1 (char 0)
2025-09-05 11:02:33,334 - services.rag_service - ERROR - Error generating embedding for document 412: Expecting value: line 1 column 1 (char 0)
2025-09-05 11:02:33,544 - services.api_client - ERROR - Error getting embedding: 401 Client Error: Unauthorized for url: https://api.mistral.ai/v1/embeddings
2025-09-05 11:02:33,728 - services.api_client - ERROR - Error getting embedding from OpenRouter: Expecting value: line 1 column 1 (char 0)
2025-09-05 11:02:33,729 - services.rag_service - ERROR - Error generating embedding for document 413: Expecting value: line 1 column 1 (char 0)
2025-09-05 11:02:33,938 - services.api_client - ERROR - Error getting embedding: 401 Client Error: Unauthorized for url: https://api.mistral.ai/v1/embeddings
2025-09-05 11:02:34,114 - services.api_client - ERROR - Error getting embedding from OpenRouter: Expecting value: line 1 column 1 (char 0)
2025-09-05 11:02:34,114 - services.rag_service - ERROR - Error generating embedding for document 414: Expecting value: line 1 column 1 (char 0)
2025-09-05 11:02:34,349 - services.api_client - ERROR - Error getting embedding: 401 Client Error: Unauthorized for url: https://api.mistral.ai/v1/embeddings
2025-09-05 11:02:34,522 - services.api_client - ERROR - Error getting embedding from OpenRouter: Expecting value: line 1 column 1 (char 0)
2025-09-05 11:02:34,522 - services.rag_service - ERROR - Error generating embedding for document 415: Expecting value: line 1 column 1 (char 0)
2025-09-05 11:02:34,742 - services.api_client - ERROR - Error getting embedding: 401 Client Error: Unauthorized for url: https://api.mistral.ai/v1/embeddings
2025-09-05 11:02:34,964 - services.api_client - ERROR - Error getting embedding from OpenRouter: Expecting value: line 1 column 1 (char 0)
2025-09-05 11:02:34,964 - services.rag_service - ERROR - Error generating embedding for document 416: Expecting value: line 1 column 1 (char 0)
2025-09-05 11:02:35,168 - services.api_client - ERROR - Error getting embedding: 401 Client Error: Unauthorized for url: https://api.mistral.ai/v1/embeddings
2025-09-05 11:02:35,348 - services.api_client - ERROR - Error getting embedding from OpenRouter: Expecting value: line 1 column 1 (char 0)
2025-09-05 11:02:35,348 - services.rag_service - ERROR - Error generating embedding for document 417: Expecting value: line 1 column 1 (char 0)
2025-09-05 11:02:35,578 - services.api_client - ERROR - Error getting embedding: 401 Client Error: Unauthorized for url: https://api.mistral.ai/v1/embeddings
2025-09-05 11:02:35,753 - services.api_client - ERROR - Error getting embedding from OpenRouter: Expecting value: line 1 column 1 (char 0)
2025-09-05 11:02:35,755 - services.rag_service - ERROR - Error generating embedding for document 418: Expecting value: line 1 column 1 (char 0)
2025-09-05 11:02:35,989 - services.api_client - ERROR - Error getting embedding: 401 Client Error: Unauthorized for url: https://api.mistral.ai/v1/embeddings
2025-09-05 11:02:36,183 - services.api_client - ERROR - Error getting embedding from OpenRouter: Expecting value: line 1 column 1 (char 0)
2025-09-05 11:02:36,183 - services.rag_service - ERROR - Error generating embedding for document 419: Expecting value: line 1 column 1 (char 0)
2025-09-05 11:02:36,404 - services.api_client - ERROR - Error getting embedding: 401 Client Error: Unauthorized for url: https://api.mistral.ai/v1/embeddings
2025-09-05 11:02:36,599 - services.api_client - ERROR - Error getting embedding from OpenRouter: Expecting value: line 1 column 1 (char 0)
2025-09-05 11:02:36,600 - services.rag_service - ERROR - Error generating embedding for document 420: Expecting value: line 1 column 1 (char 0)
2025-09-05 11:02:36,801 - services.api_client - ERROR - Error getting embedding: 401 Client Error: Unauthorized for url: https://api.mistral.ai/v1/embeddings
2025-09-05 11:02:36,982 - services.api_client - ERROR - Error getting embedding from OpenRouter: Expecting value: line 1 column 1 (char 0)
2025-09-05 11:02:36,983 - services.rag_service - ERROR - Error generating embedding for document 421: Expecting value: line 1 column 1 (char 0)
2025-09-05 11:02:37,226 - services.api_client - ERROR - Error getting embedding: 401 Client Error: Unauthorized for url: https://api.mistral.ai/v1/embeddings
2025-09-05 11:02:37,399 - services.api_client - ERROR - Error getting embedding from OpenRouter: Expecting value: line 1 column 1 (char 0)
2025-09-05 11:02:37,400 - services.rag_service - ERROR - Error generating embedding for document 422: Expecting value: line 1 column 1 (char 0)
2025-09-05 11:02:37,609 - services.api_client - ERROR - Error getting embedding: 401 Client Error: Unauthorized for url: https://api.mistral.ai/v1/embeddings
2025-09-05 11:02:37,813 - services.api_client - ERROR - Error getting embedding from OpenRouter: Expecting value: line 1 column 1 (char 0)
2025-09-05 11:02:37,813 - services.rag_service - ERROR - Error generating embedding for document 423: Expecting value: line 1 column 1 (char 0)
2025-09-05 11:02:38,039 - services.api_client - ERROR - Error getting embedding: 401 Client Error: Unauthorized for url: https://api.mistral.ai/v1/embeddings
2025-09-05 11:02:38,252 - services.api_client - ERROR - Error getting embedding from OpenRouter: Expecting value: line 1 column 1 (char 0)
2025-09-05 11:02:38,252 - services.rag_service - ERROR - Error generating embedding for document 424: Expecting value: line 1 column 1 (char 0)
2025-09-05 11:02:38,460 - services.api_client - ERROR - Error getting embedding: 401 Client Error: Unauthorized for url: https://api.mistral.ai/v1/embeddings
2025-09-05 11:02:38,809 - services.api_client - ERROR - Error getting embedding from OpenRouter: Expecting value: line 1 column 1 (char 0)
2025-09-05 11:02:38,810 - services.rag_service - ERROR - Error generating embedding for document 425: Expecting value: line 1 column 1 (char 0)
2025-09-05 11:02:39,055 - services.api_client - ERROR - Error getting embedding: 401 Client Error: Unauthorized for url: https://api.mistral.ai/v1/embeddings
2025-09-05 11:02:39,226 - services.api_client - ERROR - Error getting embedding from OpenRouter: Expecting value: line 1 column 1 (char 0)
2025-09-05 11:02:39,226 - services.rag_service - ERROR - Error generating embedding for document 426: Expecting value: line 1 column 1 (char 0)
2025-09-05 11:02:39,439 - services.api_client - ERROR - Error getting embedding: 401 Client Error: Unauthorized for url: https://api.mistral.ai/v1/embeddings
2025-09-05 11:02:39,637 - services.api_client - ERROR - Error getting embedding from OpenRouter: Expecting value: line 1 column 1 (char 0)
2025-09-05 11:02:39,637 - services.rag_service - ERROR - Error generating embedding for document 427: Expecting value: line 1 column 1 (char 0)
2025-09-05 11:02:39,829 - services.api_client - ERROR - Error getting embedding: 401 Client Error: Unauthorized for url: https://api.mistral.ai/v1/embeddings
2025-09-05 11:02:40,036 - services.api_client - ERROR - Error getting embedding from OpenRouter: Expecting value: line 1 column 1 (char 0)
2025-09-05 11:02:40,036 - services.rag_service - ERROR - Error generating embedding for document 428: Expecting value: line 1 column 1 (char 0)
2025-09-05 11:02:40,282 - services.api_client - ERROR - Error getting embedding: 401 Client Error: Unauthorized for url: https://api.mistral.ai/v1/embeddings
2025-09-05 11:02:40,464 - services.api_client - ERROR - Error getting embedding from OpenRouter: Expecting value: line 1 column 1 (char 0)
2025-09-05 11:02:40,465 - services.rag_service - ERROR - Error generating embedding for document 429: Expecting value: line 1 column 1 (char 0)
2025-09-05 11:02:40,668 - services.api_client - ERROR - Error getting embedding: 401 Client Error: Unauthorized for url: https://api.mistral.ai/v1/embeddings
2025-09-05 11:02:40,835 - services.api_client - ERROR - Error getting embedding from OpenRouter: Expecting value: line 1 column 1 (char 0)
2025-09-05 11:02:40,836 - services.rag_service - ERROR - Error generating embedding for document 430: Expecting value: line 1 column 1 (char 0)
2025-09-05 11:02:41,038 - services.api_client - ERROR - Error getting embedding: 401 Client Error: Unauthorized for url: https://api.mistral.ai/v1/embeddings
2025-09-05 11:02:41,252 - services.api_client - ERROR - Error getting embedding from OpenRouter: Expecting value: line 1 column 1 (char 0)
2025-09-05 11:02:41,253 - services.rag_service - ERROR - Error generating embedding for document 431: Expecting value: line 1 column 1 (char 0)
2025-09-05 11:02:41,466 - services.api_client - ERROR - Error getting embedding: 401 Client Error: Unauthorized for url: https://api.mistral.ai/v1/embeddings
2025-09-05 11:02:41,658 - services.api_client - ERROR - Error getting embedding from OpenRouter: Expecting value: line 1 column 1 (char 0)
2025-09-05 11:02:41,659 - services.rag_service - ERROR - Error generating embedding for document 432: Expecting value: line 1 column 1 (char 0)
2025-09-05 11:02:41,867 - services.api_client - ERROR - Error getting embedding: 401 Client Error: Unauthorized for url: https://api.mistral.ai/v1/embeddings
2025-09-05 11:02:42,039 - services.api_client - ERROR - Error getting embedding from OpenRouter: Expecting value: line 1 column 1 (char 0)
2025-09-05 11:02:42,040 - services.rag_service - ERROR - Error generating embedding for document 433: Expecting value: line 1 column 1 (char 0)
2025-09-05 11:02:42,243 - services.api_client - ERROR - Error getting embedding: 401 Client Error: Unauthorized for url: https://api.mistral.ai/v1/embeddings
2025-09-05 11:02:42,408 - services.api_client - ERROR - Error getting embedding from OpenRouter: Expecting value: line 1 column 1 (char 0)
2025-09-05 11:02:42,408 - services.rag_service - ERROR - Error generating embedding for document 434: Expecting value: line 1 column 1 (char 0)
2025-09-05 11:02:42,605 - services.api_client - ERROR - Error getting embedding: 401 Client Error: Unauthorized for url: https://api.mistral.ai/v1/embeddings
2025-09-05 11:02:42,803 - services.api_client - ERROR - Error getting embedding from OpenRouter: Expecting value: line 1 column 1 (char 0)
2025-09-05 11:02:42,803 - services.rag_service - ERROR - Error generating embedding for document 435: Expecting value: line 1 column 1 (char 0)
2025-09-05 11:02:43,003 - services.api_client - ERROR - Error getting embedding: 401 Client Error: Unauthorized for url: https://api.mistral.ai/v1/embeddings
2025-09-05 11:02:43,239 - services.api_client - ERROR - Error getting embedding from OpenRouter: Expecting value: line 1 column 1 (char 0)
2025-09-05 11:02:43,239 - services.rag_service - ERROR - Error generating embedding for document 436: Expecting value: line 1 column 1 (char 0)
2025-09-05 11:02:43,481 - services.api_client - ERROR - Error getting embedding: 401 Client Error: Unauthorized for url: https://api.mistral.ai/v1/embeddings
2025-09-05 11:02:43,646 - services.api_client - ERROR - Error getting embedding from OpenRouter: Expecting value: line 1 column 1 (char 0)
2025-09-05 11:02:43,647 - services.rag_service - ERROR - Error generating embedding for document 437: Expecting value: line 1 column 1 (char 0)
2025-09-05 11:02:43,865 - services.api_client - ERROR - Error getting embedding: 401 Client Error: Unauthorized for url: https://api.mistral.ai/v1/embeddings
2025-09-05 11:02:44,044 - services.api_client - ERROR - Error getting embedding from OpenRouter: Expecting value: line 1 column 1 (char 0)
2025-09-05 11:02:44,044 - services.rag_service - ERROR - Error generating embedding for document 438: Expecting value: line 1 column 1 (char 0)
2025-09-05 11:02:44,269 - services.api_client - ERROR - Error getting embedding: 401 Client Error: Unauthorized for url: https://api.mistral.ai/v1/embeddings
2025-09-05 11:02:44,441 - services.api_client - ERROR - Error getting embedding from OpenRouter: Expecting value: line 1 column 1 (char 0)
2025-09-05 11:02:44,441 - services.rag_service - ERROR - Error generating embedding for document 439: Expecting value: line 1 column 1 (char 0)
2025-09-05 11:02:44,642 - services.api_client - ERROR - Error getting embedding: 401 Client Error: Unauthorized for url: https://api.mistral.ai/v1/embeddings
2025-09-05 11:02:44,821 - services.api_client - ERROR - Error getting embedding from OpenRouter: Expecting value: line 1 column 1 (char 0)
2025-09-05 11:02:44,821 - services.rag_service - ERROR - Error generating embedding for document 440: Expecting value: line 1 column 1 (char 0)
2025-09-05 11:02:45,031 - services.api_client - ERROR - Error getting embedding: 401 Client Error: Unauthorized for url: https://api.mistral.ai/v1/embeddings
2025-09-05 11:02:45,199 - services.api_client - ERROR - Error getting embedding from OpenRouter: Expecting value: line 1 column 1 (char 0)
2025-09-05 11:02:45,199 - services.rag_service - ERROR - Error generating embedding for document 441: Expecting value: line 1 column 1 (char 0)
2025-09-05 11:02:45,427 - services.api_client - ERROR - Error getting embedding: 401 Client Error: Unauthorized for url: https://api.mistral.ai/v1/embeddings
2025-09-05 11:02:45,587 - services.api_client - ERROR - Error getting embedding from OpenRouter: Expecting value: line 1 column 1 (char 0)
2025-09-05 11:02:45,588 - services.rag_service - ERROR - Error generating embedding for document 442: Expecting value: line 1 column 1 (char 0)
2025-09-05 11:02:45,789 - services.api_client - ERROR - Error getting embedding: 401 Client Error: Unauthorized for url: https://api.mistral.ai/v1/embeddings
2025-09-05 11:02:46,007 - services.api_client - ERROR - Error getting embedding from OpenRouter: Expecting value: line 1 column 1 (char 0)
2025-09-05 11:02:46,007 - services.rag_service - ERROR - Error generating embedding for document 443: Expecting value: line 1 column 1 (char 0)
2025-09-05 11:02:46,212 - services.api_client - ERROR - Error getting embedding: 401 Client Error: Unauthorized for url: https://api.mistral.ai/v1/embeddings
2025-09-05 11:02:46,397 - services.api_client - ERROR - Error getting embedding from OpenRouter: Expecting value: line 1 column 1 (char 0)
2025-09-05 11:02:46,398 - services.rag_service - ERROR - Error generating embedding for document 444: Expecting value: line 1 column 1 (char 0)
2025-09-05 11:02:46,603 - services.api_client - ERROR - Error getting embedding: 401 Client Error: Unauthorized for url: https://api.mistral.ai/v1/embeddings
2025-09-05 11:02:46,785 - services.api_client - ERROR - Error getting embedding from OpenRouter: Expecting value: line 1 column 1 (char 0)
2025-09-05 11:02:46,786 - services.rag_service - ERROR - Error generating embedding for document 445: Expecting value: line 1 column 1 (char 0)
2025-09-05 11:02:47,024 - services.api_client - ERROR - Error getting embedding: 401 Client Error: Unauthorized for url: https://api.mistral.ai/v1/embeddings
2025-09-05 11:02:47,206 - services.api_client - ERROR - Error getting embedding from OpenRouter: Expecting value: line 1 column 1 (char 0)
2025-09-05 11:02:47,206 - services.rag_service - ERROR - Error generating embedding for document 446: Expecting value: line 1 column 1 (char 0)
2025-09-05 11:02:47,441 - services.api_client - ERROR - Error getting embedding: 401 Client Error: Unauthorized for url: https://api.mistral.ai/v1/embeddings
2025-09-05 11:02:47,630 - services.api_client - ERROR - Error getting embedding from OpenRouter: Expecting value: line 1 column 1 (char 0)
2025-09-05 11:02:47,630 - services.rag_service - ERROR - Error generating embedding for document 447: Expecting value: line 1 column 1 (char 0)
2025-09-05 11:02:47,857 - services.api_client - ERROR - Error getting embedding: 401 Client Error: Unauthorized for url: https://api.mistral.ai/v1/embeddings
2025-09-05 11:02:48,030 - services.api_client - ERROR - Error getting embedding from OpenRouter: Expecting value: line 1 column 1 (char 0)
2025-09-05 11:02:48,030 - services.rag_service - ERROR - Error generating embedding for document 448: Expecting value: line 1 column 1 (char 0)
2025-09-05 11:02:48,270 - services.api_client - ERROR - Error getting embedding: 401 Client Error: Unauthorized for url: https://api.mistral.ai/v1/embeddings
2025-09-05 11:02:48,439 - services.api_client - ERROR - Error getting embedding from OpenRouter: Expecting value: line 1 column 1 (char 0)
2025-09-05 11:02:48,440 - services.rag_service - ERROR - Error generating embedding for document 449: Expecting value: line 1 column 1 (char 0)
2025-09-05 11:02:48,660 - services.api_client - ERROR - Error getting embedding: 401 Client Error: Unauthorized for url: https://api.mistral.ai/v1/embeddings
2025-09-05 11:02:48,852 - services.api_client - ERROR - Error getting embedding from OpenRouter: Expecting value: line 1 column 1 (char 0)
2025-09-05 11:02:48,853 - services.rag_service - ERROR - Error generating embedding for document 450: Expecting value: line 1 column 1 (char 0)
2025-09-05 11:02:49,046 - services.api_client - ERROR - Error getting embedding: 401 Client Error: Unauthorized for url: https://api.mistral.ai/v1/embeddings
2025-09-05 11:02:49,232 - services.api_client - ERROR - Error getting embedding from OpenRouter: Expecting value: line 1 column 1 (char 0)
2025-09-05 11:02:49,233 - services.rag_service - ERROR - Error generating embedding for document 451: Expecting value: line 1 column 1 (char 0)
2025-09-05 11:02:49,472 - services.api_client - ERROR - Error getting embedding: 401 Client Error: Unauthorized for url: https://api.mistral.ai/v1/embeddings
2025-09-05 11:02:49,699 - services.api_client - ERROR - Error getting embedding from OpenRouter: Expecting value: line 1 column 1 (char 0)
2025-09-05 11:02:49,699 - services.rag_service - ERROR - Error generating embedding for document 452: Expecting value: line 1 column 1 (char 0)
2025-09-05 11:02:49,925 - services.api_client - ERROR - Error getting embedding: 401 Client Error: Unauthorized for url: https://api.mistral.ai/v1/embeddings
2025-09-05 11:02:50,117 - services.api_client - ERROR - Error getting embedding from OpenRouter: Expecting value: line 1 column 1 (char 0)
2025-09-05 11:02:50,122 - services.rag_service - ERROR - Error generating embedding for document 453: Expecting value: line 1 column 1 (char 0)
2025-09-05 11:02:50,340 - services.api_client - ERROR - Error getting embedding: 401 Client Error: Unauthorized for url: https://api.mistral.ai/v1/embeddings
2025-09-05 11:02:50,541 - services.api_client - ERROR - Error getting embedding from OpenRouter: Expecting value: line 1 column 1 (char 0)
2025-09-05 11:02:50,541 - services.rag_service - ERROR - Error generating embedding for document 454: Expecting value: line 1 column 1 (char 0)
2025-09-05 11:02:50,742 - services.api_client - ERROR - Error getting embedding: 401 Client Error: Unauthorized for url: https://api.mistral.ai/v1/embeddings
2025-09-05 11:02:50,931 - services.api_client - ERROR - Error getting embedding from OpenRouter: Expecting value: line 1 column 1 (char 0)
2025-09-05 11:02:50,932 - services.rag_service - ERROR - Error generating embedding for document 455: Expecting value: line 1 column 1 (char 0)
2025-09-05 11:02:51,135 - services.api_client - ERROR - Error getting embedding: 401 Client Error: Unauthorized for url: https://api.mistral.ai/v1/embeddings
2025-09-05 11:02:51,314 - services.api_client - ERROR - Error getting embedding from OpenRouter: Expecting value: line 1 column 1 (char 0)
2025-09-05 11:02:51,317 - services.rag_service - ERROR - Error generating embedding for document 456: Expecting value: line 1 column 1 (char 0)
2025-09-05 11:02:51,532 - services.api_client - ERROR - Error getting embedding: 401 Client Error: Unauthorized for url: https://api.mistral.ai/v1/embeddings
2025-09-05 11:02:51,746 - services.api_client - ERROR - Error getting embedding from OpenRouter: Expecting value: line 1 column 1 (char 0)
2025-09-05 11:02:51,747 - services.rag_service - ERROR - Error generating embedding for document 457: Expecting value: line 1 column 1 (char 0)
2025-09-05 11:02:51,969 - services.api_client - ERROR - Error getting embedding: 401 Client Error: Unauthorized for url: https://api.mistral.ai/v1/embeddings
2025-09-05 11:02:52,200 - services.api_client - ERROR - Error getting embedding from OpenRouter: Expecting value: line 1 column 1 (char 0)
2025-09-05 11:02:52,201 - services.rag_service - ERROR - Error generating embedding for document 458: Expecting value: line 1 column 1 (char 0)
2025-09-05 11:02:52,427 - services.api_client - ERROR - Error getting embedding: 401 Client Error: Unauthorized for url: https://api.mistral.ai/v1/embeddings
2025-09-05 11:02:52,600 - services.api_client - ERROR - Error getting embedding from OpenRouter: Expecting value: line 1 column 1 (char 0)
2025-09-05 11:02:52,601 - services.rag_service - ERROR - Error generating embedding for document 459: Expecting value: line 1 column 1 (char 0)
2025-09-05 11:02:52,890 - services.api_client - ERROR - Error getting embedding: 401 Client Error: Unauthorized for url: https://api.mistral.ai/v1/embeddings
2025-09-05 11:02:53,080 - services.api_client - ERROR - Error getting embedding from OpenRouter: Expecting value: line 1 column 1 (char 0)
2025-09-05 11:02:53,081 - services.rag_service - ERROR - Error generating embedding for document 460: Expecting value: line 1 column 1 (char 0)
2025-09-05 11:02:53,316 - services.api_client - ERROR - Error getting embedding: 401 Client Error: Unauthorized for url: https://api.mistral.ai/v1/embeddings
2025-09-05 11:02:53,504 - services.api_client - ERROR - Error getting embedding from OpenRouter: Expecting value: line 1 column 1 (char 0)
2025-09-05 11:02:53,505 - services.rag_service - ERROR - Error generating embedding for document 461: Expecting value: line 1 column 1 (char 0)
2025-09-05 11:02:53,712 - services.api_client - ERROR - Error getting embedding: 401 Client Error: Unauthorized for url: https://api.mistral.ai/v1/embeddings
2025-09-05 11:02:53,896 - services.api_client - ERROR - Error getting embedding from OpenRouter: Expecting value: line 1 column 1 (char 0)
2025-09-05 11:02:53,896 - services.rag_service - ERROR - Error generating embedding for document 462: Expecting value: line 1 column 1 (char 0)
2025-09-05 11:02:54,104 - services.api_client - ERROR - Error getting embedding: 401 Client Error: Unauthorized for url: https://api.mistral.ai/v1/embeddings
2025-09-05 11:02:54,279 - services.api_client - ERROR - Error getting embedding from OpenRouter: Expecting value: line 1 column 1 (char 0)
2025-09-05 11:02:54,280 - services.rag_service - ERROR - Error generating embedding for document 463: Expecting value: line 1 column 1 (char 0)
2025-09-05 11:02:54,722 - services.api_client - ERROR - Error getting embedding: 401 Client Error: Unauthorized for url: https://api.mistral.ai/v1/embeddings
2025-09-05 11:02:54,926 - services.api_client - ERROR - Error getting embedding from OpenRouter: Expecting value: line 1 column 1 (char 0)
2025-09-05 11:02:54,926 - services.rag_service - ERROR - Error generating embedding for document 464: Expecting value: line 1 column 1 (char 0)
2025-09-05 11:02:55,143 - services.api_client - ERROR - Error getting embedding: 401 Client Error: Unauthorized for url: https://api.mistral.ai/v1/embeddings
2025-09-05 11:02:55,356 - services.api_client - ERROR - Error getting embedding from OpenRouter: Expecting value: line 1 column 1 (char 0)
2025-09-05 11:02:55,356 - services.rag_service - ERROR - Error generating embedding for document 465: Expecting value: line 1 column 1 (char 0)
2025-09-05 11:02:55,587 - services.api_client - ERROR - Error getting embedding: 401 Client Error: Unauthorized for url: https://api.mistral.ai/v1/embeddings
2025-09-05 11:02:55,765 - services.api_client - ERROR - Error getting embedding from OpenRouter: Expecting value: line 1 column 1 (char 0)
2025-09-05 11:02:55,767 - services.rag_service - ERROR - Error generating embedding for document 466: Expecting value: line 1 column 1 (char 0)
2025-09-05 11:02:56,007 - services.api_client - ERROR - Error getting embedding: 401 Client Error: Unauthorized for url: https://api.mistral.ai/v1/embeddings
2025-09-05 11:02:56,190 - services.api_client - ERROR - Error getting embedding from OpenRouter: Expecting value: line 1 column 1 (char 0)
2025-09-05 11:02:56,190 - services.rag_service - ERROR - Error generating embedding for document 467: Expecting value: line 1 column 1 (char 0)
2025-09-05 11:02:56,398 - services.api_client - ERROR - Error getting embedding: 401 Client Error: Unauthorized for url: https://api.mistral.ai/v1/embeddings
2025-09-05 11:02:56,564 - services.api_client - ERROR - Error getting embedding from OpenRouter: Expecting value: line 1 column 1 (char 0)
2025-09-05 11:02:56,565 - services.rag_service - ERROR - Error generating embedding for document 468: Expecting value: line 1 column 1 (char 0)
2025-09-05 11:02:56,805 - services.api_client - ERROR - Error getting embedding: 401 Client Error: Unauthorized for url: https://api.mistral.ai/v1/embeddings
2025-09-05 11:02:56,973 - services.api_client - ERROR - Error getting embedding from OpenRouter: Expecting value: line 1 column 1 (char 0)
2025-09-05 11:02:56,974 - services.rag_service - ERROR - Error generating embedding for document 469: Expecting value: line 1 column 1 (char 0)
2025-09-05 11:02:57,177 - services.api_client - ERROR - Error getting embedding: 401 Client Error: Unauthorized for url: https://api.mistral.ai/v1/embeddings
2025-09-05 11:02:57,334 - services.api_client - ERROR - Error getting embedding from OpenRouter: Expecting value: line 1 column 1 (char 0)
2025-09-05 11:02:57,334 - services.rag_service - ERROR - Error generating embedding for document 470: Expecting value: line 1 column 1 (char 0)
2025-09-05 11:02:57,779 - services.api_client - ERROR - Error getting embedding: 401 Client Error: Unauthorized for url: https://api.mistral.ai/v1/embeddings
2025-09-05 11:02:57,972 - services.api_client - ERROR - Error getting embedding from OpenRouter: Expecting value: line 1 column 1 (char 0)
2025-09-05 11:02:57,973 - services.rag_service - ERROR - Error generating embedding for document 471: Expecting value: line 1 column 1 (char 0)
2025-09-05 11:02:58,220 - services.api_client - ERROR - Error getting embedding: 401 Client Error: Unauthorized for url: https://api.mistral.ai/v1/embeddings
2025-09-05 11:02:58,400 - services.api_client - ERROR - Error getting embedding from OpenRouter: Expecting value: line 1 column 1 (char 0)
2025-09-05 11:02:58,401 - services.rag_service - ERROR - Error generating embedding for document 472: Expecting value: line 1 column 1 (char 0)
2025-09-05 11:02:58,624 - services.api_client - ERROR - Error getting embedding: 401 Client Error: Unauthorized for url: https://api.mistral.ai/v1/embeddings
2025-09-05 11:02:58,820 - services.api_client - ERROR - Error getting embedding from OpenRouter: Expecting value: line 1 column 1 (char 0)
2025-09-05 11:02:58,820 - services.rag_service - ERROR - Error generating embedding for document 473: Expecting value: line 1 column 1 (char 0)
2025-09-05 11:02:59,048 - services.api_client - ERROR - Error getting embedding: 401 Client Error: Unauthorized for url: https://api.mistral.ai/v1/embeddings
2025-09-05 11:02:59,229 - services.api_client - ERROR - Error getting embedding from OpenRouter: Expecting value: line 1 column 1 (char 0)
2025-09-05 11:02:59,230 - services.rag_service - ERROR - Error generating embedding for document 474: Expecting value: line 1 column 1 (char 0)
2025-09-05 11:02:59,453 - services.api_client - ERROR - Error getting embedding: 401 Client Error: Unauthorized for url: https://api.mistral.ai/v1/embeddings
2025-09-05 11:02:59,631 - services.api_client - ERROR - Error getting embedding from OpenRouter: Expecting value: line 1 column 1 (char 0)
2025-09-05 11:02:59,632 - services.rag_service - ERROR - Error generating embedding for document 475: Expecting value: line 1 column 1 (char 0)
2025-09-05 11:02:59,891 - services.api_client - ERROR - Error getting embedding: 401 Client Error: Unauthorized for url: https://api.mistral.ai/v1/embeddings
2025-09-05 11:03:00,062 - services.api_client - ERROR - Error getting embedding from OpenRouter: Expecting value: line 1 column 1 (char 0)
2025-09-05 11:03:00,063 - services.rag_service - ERROR - Error generating embedding for document 476: Expecting value: line 1 column 1 (char 0)
2025-09-05 11:03:00,295 - services.api_client - ERROR - Error getting embedding: 401 Client Error: Unauthorized for url: https://api.mistral.ai/v1/embeddings
2025-09-05 11:03:00,487 - services.api_client - ERROR - Error getting embedding from OpenRouter: Expecting value: line 1 column 1 (char 0)
2025-09-05 11:03:00,487 - services.rag_service - ERROR - Error generating embedding for document 477: Expecting value: line 1 column 1 (char 0)
2025-09-05 11:03:00,757 - services.api_client - ERROR - Error getting embedding: 401 Client Error: Unauthorized for url: https://api.mistral.ai/v1/embeddings
2025-09-05 11:03:00,927 - services.api_client - ERROR - Error getting embedding from OpenRouter: Expecting value: line 1 column 1 (char 0)
2025-09-05 11:03:00,927 - services.rag_service - ERROR - Error generating embedding for document 478: Expecting value: line 1 column 1 (char 0)
2025-09-05 11:03:01,136 - services.api_client - ERROR - Error getting embedding: 401 Client Error: Unauthorized for url: https://api.mistral.ai/v1/embeddings
2025-09-05 11:03:01,302 - services.api_client - ERROR - Error getting embedding from OpenRouter: Expecting value: line 1 column 1 (char 0)
2025-09-05 11:03:01,303 - services.rag_service - ERROR - Error generating embedding for document 479: Expecting value: line 1 column 1 (char 0)
2025-09-05 11:03:01,517 - services.api_client - ERROR - Error getting embedding: 401 Client Error: Unauthorized for url: https://api.mistral.ai/v1/embeddings
2025-09-05 11:03:01,698 - services.api_client - ERROR - Error getting embedding from OpenRouter: Expecting value: line 1 column 1 (char 0)
2025-09-05 11:03:01,699 - services.rag_service - ERROR - Error generating embedding for document 480: Expecting value: line 1 column 1 (char 0)
2025-09-05 11:03:01,911 - services.api_client - ERROR - Error getting embedding: 401 Client Error: Unauthorized for url: https://api.mistral.ai/v1/embeddings
2025-09-05 11:03:02,121 - services.api_client - ERROR - Error getting embedding from OpenRouter: Expecting value: line 1 column 1 (char 0)
2025-09-05 11:03:02,122 - services.rag_service - ERROR - Error generating embedding for document 481: Expecting value: line 1 column 1 (char 0)
2025-09-05 11:03:02,370 - services.api_client - ERROR - Error getting embedding: 401 Client Error: Unauthorized for url: https://api.mistral.ai/v1/embeddings
2025-09-05 11:03:02,543 - services.api_client - ERROR - Error getting embedding from OpenRouter: Expecting value: line 1 column 1 (char 0)
2025-09-05 11:03:02,544 - services.rag_service - ERROR - Error generating embedding for document 482: Expecting value: line 1 column 1 (char 0)
2025-09-05 11:03:02,771 - services.api_client - ERROR - Error getting embedding: 401 Client Error: Unauthorized for url: https://api.mistral.ai/v1/embeddings
2025-09-05 11:03:02,956 - services.api_client - ERROR - Error getting embedding from OpenRouter: Expecting value: line 1 column 1 (char 0)
2025-09-05 11:03:02,957 - services.rag_service - ERROR - Error generating embedding for document 483: Expecting value: line 1 column 1 (char 0)
2025-09-05 11:03:03,211 - services.api_client - ERROR - Error getting embedding: 401 Client Error: Unauthorized for url: https://api.mistral.ai/v1/embeddings
2025-09-05 11:03:03,458 - services.api_client - ERROR - Error getting embedding from OpenRouter: Expecting value: line 1 column 1 (char 0)
2025-09-05 11:03:03,459 - services.rag_service - ERROR - Error generating embedding for document 484: Expecting value: line 1 column 1 (char 0)
2025-09-05 11:03:03,678 - services.api_client - ERROR - Error getting embedding: 401 Client Error: Unauthorized for url: https://api.mistral.ai/v1/embeddings
2025-09-05 11:03:03,860 - services.api_client - ERROR - Error getting embedding from OpenRouter: Expecting value: line 1 column 1 (char 0)
2025-09-05 11:03:03,863 - services.rag_service - ERROR - Error generating embedding for document 485: Expecting value: line 1 column 1 (char 0)
2025-09-05 11:03:04,067 - services.api_client - ERROR - Error getting embedding: 401 Client Error: Unauthorized for url: https://api.mistral.ai/v1/embeddings
2025-09-05 11:03:04,261 - services.api_client - ERROR - Error getting embedding from OpenRouter: Expecting value: line 1 column 1 (char 0)
2025-09-05 11:03:04,261 - services.rag_service - ERROR - Error generating embedding for document 486: Expecting value: line 1 column 1 (char 0)
2025-09-05 11:03:04,499 - services.api_client - ERROR - Error getting embedding: 401 Client Error: Unauthorized for url: https://api.mistral.ai/v1/embeddings
2025-09-05 11:03:04,700 - services.api_client - ERROR - Error getting embedding from OpenRouter: Expecting value: line 1 column 1 (char 0)
2025-09-05 11:03:04,700 - services.rag_service - ERROR - Error generating embedding for document 487: Expecting value: line 1 column 1 (char 0)
2025-09-05 11:03:04,904 - services.api_client - ERROR - Error getting embedding: 401 Client Error: Unauthorized for url: https://api.mistral.ai/v1/embeddings
2025-09-05 11:03:05,090 - services.api_client - ERROR - Error getting embedding from OpenRouter: Expecting value: line 1 column 1 (char 0)
2025-09-05 11:03:05,091 - services.rag_service - ERROR - Error generating embedding for document 488: Expecting value: line 1 column 1 (char 0)
2025-09-05 11:03:05,301 - services.api_client - ERROR - Error getting embedding: 401 Client Error: Unauthorized for url: https://api.mistral.ai/v1/embeddings
2025-09-05 11:03:05,531 - services.api_client - ERROR - Error getting embedding from OpenRouter: Expecting value: line 1 column 1 (char 0)
2025-09-05 11:03:05,531 - services.rag_service - ERROR - Error generating embedding for document 489: Expecting value: line 1 column 1 (char 0)
2025-09-05 11:03:05,758 - services.api_client - ERROR - Error getting embedding: 401 Client Error: Unauthorized for url: https://api.mistral.ai/v1/embeddings
2025-09-05 11:03:05,932 - services.api_client - ERROR - Error getting embedding from OpenRouter: Expecting value: line 1 column 1 (char 0)
2025-09-05 11:03:05,933 - services.rag_service - ERROR - Error generating embedding for document 490: Expecting value: line 1 column 1 (char 0)
2025-09-05 11:03:06,141 - services.api_client - ERROR - Error getting embedding: 401 Client Error: Unauthorized for url: https://api.mistral.ai/v1/embeddings
2025-09-05 11:03:06,335 - services.api_client - ERROR - Error getting embedding from OpenRouter: Expecting value: line 1 column 1 (char 0)
2025-09-05 11:03:06,337 - services.rag_service - ERROR - Error generating embedding for document 491: Expecting value: line 1 column 1 (char 0)
2025-09-05 11:03:06,548 - services.api_client - ERROR - Error getting embedding: 401 Client Error: Unauthorized for url: https://api.mistral.ai/v1/embeddings
2025-09-05 11:03:06,731 - services.api_client - ERROR - Error getting embedding from OpenRouter: Expecting value: line 1 column 1 (char 0)
2025-09-05 11:03:06,732 - services.rag_service - ERROR - Error generating embedding for document 492: Expecting value: line 1 column 1 (char 0)
2025-09-05 11:03:06,943 - services.api_client - ERROR - Error getting embedding: 401 Client Error: Unauthorized for url: https://api.mistral.ai/v1/embeddings
2025-09-05 11:03:07,136 - services.api_client - ERROR - Error getting embedding from OpenRouter: Expecting value: line 1 column 1 (char 0)
2025-09-05 11:03:07,137 - services.rag_service - ERROR - Error generating embedding for document 493: Expecting value: line 1 column 1 (char 0)
2025-09-05 11:03:07,360 - services.api_client - ERROR - Error getting embedding: 401 Client Error: Unauthorized for url: https://api.mistral.ai/v1/embeddings
2025-09-05 11:03:07,554 - services.api_client - ERROR - Error getting embedding from OpenRouter: Expecting value: line 1 column 1 (char 0)
2025-09-05 11:03:07,554 - services.rag_service - ERROR - Error generating embedding for document 494: Expecting value: line 1 column 1 (char 0)
2025-09-05 11:03:07,772 - services.api_client - ERROR - Error getting embedding: 401 Client Error: Unauthorized for url: https://api.mistral.ai/v1/embeddings
2025-09-05 11:03:07,940 - services.api_client - ERROR - Error getting embedding from OpenRouter: Expecting value: line 1 column 1 (char 0)
2025-09-05 11:03:07,941 - services.rag_service - ERROR - Error generating embedding for document 495: Expecting value: line 1 column 1 (char 0)
2025-09-05 11:03:08,182 - services.api_client - ERROR - Error getting embedding: 401 Client Error: Unauthorized for url: https://api.mistral.ai/v1/embeddings
2025-09-05 11:03:08,346 - services.api_client - ERROR - Error getting embedding from OpenRouter: Expecting value: line 1 column 1 (char 0)
2025-09-05 11:03:08,347 - services.rag_service - ERROR - Error generating embedding for document 496: Expecting value: line 1 column 1 (char 0)
2025-09-05 11:03:08,579 - services.api_client - ERROR - Error getting embedding: 401 Client Error: Unauthorized for url: https://api.mistral.ai/v1/embeddings
2025-09-05 11:03:08,767 - services.api_client - ERROR - Error getting embedding from OpenRouter: Expecting value: line 1 column 1 (char 0)
2025-09-05 11:03:08,767 - services.rag_service - ERROR - Error generating embedding for document 497: Expecting value: line 1 column 1 (char 0)
2025-09-05 11:03:09,003 - services.api_client - ERROR - Error getting embedding: 401 Client Error: Unauthorized for url: https://api.mistral.ai/v1/embeddings
2025-09-05 11:03:09,205 - services.api_client - ERROR - Error getting embedding from OpenRouter: Expecting value: line 1 column 1 (char 0)
2025-09-05 11:03:09,206 - services.rag_service - ERROR - Error generating embedding for document 498: Expecting value: line 1 column 1 (char 0)
2025-09-05 11:03:09,404 - services.api_client - ERROR - Error getting embedding: 401 Client Error: Unauthorized for url: https://api.mistral.ai/v1/embeddings
2025-09-05 11:03:09,570 - services.api_client - ERROR - Error getting embedding from OpenRouter: Expecting value: line 1 column 1 (char 0)
2025-09-05 11:03:09,572 - services.rag_service - ERROR - Error generating embedding for document 499: Expecting value: line 1 column 1 (char 0)
2025-09-05 11:03:09,834 - services.api_client - ERROR - Error getting embedding: 401 Client Error: Unauthorized for url: https://api.mistral.ai/v1/embeddings
2025-09-05 11:03:10,013 - services.api_client - ERROR - Error getting embedding from OpenRouter: Expecting value: line 1 column 1 (char 0)
2025-09-05 11:03:10,014 - services.rag_service - ERROR - Error generating embedding for document 500: Expecting value: line 1 column 1 (char 0)
2025-09-05 11:03:10,245 - services.api_client - ERROR - Error getting embedding: 401 Client Error: Unauthorized for url: https://api.mistral.ai/v1/embeddings
2025-09-05 11:03:10,426 - services.api_client - ERROR - Error getting embedding from OpenRouter: Expecting value: line 1 column 1 (char 0)
2025-09-05 11:03:10,426 - services.rag_service - ERROR - Error generating embedding for document 501: Expecting value: line 1 column 1 (char 0)
2025-09-05 11:03:10,629 - services.api_client - ERROR - Error getting embedding: 401 Client Error: Unauthorized for url: https://api.mistral.ai/v1/embeddings
2025-09-05 11:03:10,835 - services.api_client - ERROR - Error getting embedding from OpenRouter: Expecting value: line 1 column 1 (char 0)
2025-09-05 11:03:10,836 - services.rag_service - ERROR - Error generating embedding for document 502: Expecting value: line 1 column 1 (char 0)
2025-09-05 11:03:11,042 - services.api_client - ERROR - Error getting embedding: 401 Client Error: Unauthorized for url: https://api.mistral.ai/v1/embeddings
2025-09-05 11:03:11,233 - services.api_client - ERROR - Error getting embedding from OpenRouter: Expecting value: line 1 column 1 (char 0)
2025-09-05 11:03:11,233 - services.rag_service - ERROR - Error generating embedding for document 503: Expecting value: line 1 column 1 (char 0)
2025-09-05 11:03:11,443 - services.api_client - ERROR - Error getting embedding: 401 Client Error: Unauthorized for url: https://api.mistral.ai/v1/embeddings
2025-09-05 11:03:11,623 - services.api_client - ERROR - Error getting embedding from OpenRouter: Expecting value: line 1 column 1 (char 0)
2025-09-05 11:03:11,623 - services.rag_service - ERROR - Error generating embedding for document 504: Expecting value: line 1 column 1 (char 0)
2025-09-05 11:03:11,823 - services.api_client - ERROR - Error getting embedding: 401 Client Error: Unauthorized for url: https://api.mistral.ai/v1/embeddings
2025-09-05 11:03:11,992 - services.api_client - ERROR - Error getting embedding from OpenRouter: Expecting value: line 1 column 1 (char 0)
2025-09-05 11:03:11,993 - services.rag_service - ERROR - Error generating embedding for document 505: Expecting value: line 1 column 1 (char 0)
2025-09-05 11:03:12,208 - services.api_client - ERROR - Error getting embedding: 401 Client Error: Unauthorized for url: https://api.mistral.ai/v1/embeddings
2025-09-05 11:03:12,375 - services.api_client - ERROR - Error getting embedding from OpenRouter: Expecting value: line 1 column 1 (char 0)
2025-09-05 11:03:12,375 - services.rag_service - ERROR - Error generating embedding for document 506: Expecting value: line 1 column 1 (char 0)
2025-09-05 11:03:12,582 - services.api_client - ERROR - Error getting embedding: 401 Client Error: Unauthorized for url: https://api.mistral.ai/v1/embeddings
2025-09-05 11:03:12,757 - services.api_client - ERROR - Error getting embedding from OpenRouter: Expecting value: line 1 column 1 (char 0)
2025-09-05 11:03:12,758 - services.rag_service - ERROR - Error generating embedding for document 507: Expecting value: line 1 column 1 (char 0)
2025-09-05 11:03:12,981 - services.api_client - ERROR - Error getting embedding: 401 Client Error: Unauthorized for url: https://api.mistral.ai/v1/embeddings
2025-09-05 11:03:13,175 - services.api_client - ERROR - Error getting embedding from OpenRouter: Expecting value: line 1 column 1 (char 0)
2025-09-05 11:03:13,175 - services.rag_service - ERROR - Error generating embedding for document 508: Expecting value: line 1 column 1 (char 0)
2025-09-05 11:03:13,395 - services.api_client - ERROR - Error getting embedding: 401 Client Error: Unauthorized for url: https://api.mistral.ai/v1/embeddings
2025-09-05 11:03:13,580 - services.api_client - ERROR - Error getting embedding from OpenRouter: Expecting value: line 1 column 1 (char 0)
2025-09-05 11:03:13,580 - services.rag_service - ERROR - Error generating embedding for document 509: Expecting value: line 1 column 1 (char 0)
2025-09-05 11:03:13,807 - services.api_client - ERROR - Error getting embedding: 401 Client Error: Unauthorized for url: https://api.mistral.ai/v1/embeddings
2025-09-05 11:03:13,986 - services.api_client - ERROR - Error getting embedding from OpenRouter: Expecting value: line 1 column 1 (char 0)
2025-09-05 11:03:13,986 - services.rag_service - ERROR - Error generating embedding for document 510: Expecting value: line 1 column 1 (char 0)
2025-09-05 11:03:14,233 - services.api_client - ERROR - Error getting embedding: 401 Client Error: Unauthorized for url: https://api.mistral.ai/v1/embeddings
2025-09-05 11:03:14,439 - services.api_client - ERROR - Error getting embedding from OpenRouter: Expecting value: line 1 column 1 (char 0)
2025-09-05 11:03:14,439 - services.rag_service - ERROR - Error generating embedding for document 511: Expecting value: line 1 column 1 (char 0)
2025-09-05 11:03:14,685 - services.api_client - ERROR - Error getting embedding: 401 Client Error: Unauthorized for url: https://api.mistral.ai/v1/embeddings
2025-09-05 11:03:14,889 - services.api_client - ERROR - Error getting embedding from OpenRouter: Expecting value: line 1 column 1 (char 0)
2025-09-05 11:03:14,889 - services.rag_service - ERROR - Error generating embedding for document 512: Expecting value: line 1 column 1 (char 0)
2025-09-05 11:03:15,095 - services.api_client - ERROR - Error getting embedding: 401 Client Error: Unauthorized for url: https://api.mistral.ai/v1/embeddings
2025-09-05 11:03:15,267 - services.api_client - ERROR - Error getting embedding from OpenRouter: Expecting value: line 1 column 1 (char 0)
2025-09-05 11:03:15,268 - services.rag_service - ERROR - Error generating embedding for document 513: Expecting value: line 1 column 1 (char 0)
2025-09-05 11:03:15,496 - services.api_client - ERROR - Error getting embedding: 401 Client Error: Unauthorized for url: https://api.mistral.ai/v1/embeddings
2025-09-05 11:03:15,691 - services.api_client - ERROR - Error getting embedding from OpenRouter: Expecting value: line 1 column 1 (char 0)
2025-09-05 11:03:15,692 - services.rag_service - ERROR - Error generating embedding for document 514: Expecting value: line 1 column 1 (char 0)
2025-09-05 11:03:15,918 - services.api_client - ERROR - Error getting embedding: 401 Client Error: Unauthorized for url: https://api.mistral.ai/v1/embeddings
2025-09-05 11:03:16,094 - services.api_client - ERROR - Error getting embedding from OpenRouter: Expecting value: line 1 column 1 (char 0)
2025-09-05 11:03:16,094 - services.rag_service - ERROR - Error generating embedding for document 515: Expecting value: line 1 column 1 (char 0)
2025-09-05 11:03:16,284 - services.api_client - ERROR - Error getting embedding: 401 Client Error: Unauthorized for url: https://api.mistral.ai/v1/embeddings
2025-09-05 11:03:16,468 - services.api_client - ERROR - Error getting embedding from OpenRouter: Expecting value: line 1 column 1 (char 0)
2025-09-05 11:03:16,469 - services.rag_service - ERROR - Error generating embedding for document 516: Expecting value: line 1 column 1 (char 0)
2025-09-05 11:03:16,685 - services.api_client - ERROR - Error getting embedding: 401 Client Error: Unauthorized for url: https://api.mistral.ai/v1/embeddings
2025-09-05 11:03:16,896 - services.api_client - ERROR - Error getting embedding from OpenRouter: Expecting value: line 1 column 1 (char 0)
2025-09-05 11:03:16,896 - services.rag_service - ERROR - Error generating embedding for document 517: Expecting value: line 1 column 1 (char 0)
2025-09-05 11:03:17,107 - services.api_client - ERROR - Error getting embedding: 401 Client Error: Unauthorized for url: https://api.mistral.ai/v1/embeddings
2025-09-05 11:03:17,309 - services.api_client - ERROR - Error getting embedding from OpenRouter: Expecting value: line 1 column 1 (char 0)
2025-09-05 11:03:17,310 - services.rag_service - ERROR - Error generating embedding for document 518: Expecting value: line 1 column 1 (char 0)
2025-09-05 11:03:17,521 - services.api_client - ERROR - Error getting embedding: 401 Client Error: Unauthorized for url: https://api.mistral.ai/v1/embeddings
2025-09-05 11:03:17,717 - services.api_client - ERROR - Error getting embedding from OpenRouter: Expecting value: line 1 column 1 (char 0)
2025-09-05 11:03:17,718 - services.rag_service - ERROR - Error generating embedding for document 519: Expecting value: line 1 column 1 (char 0)
2025-09-05 11:03:17,939 - services.api_client - ERROR - Error getting embedding: 401 Client Error: Unauthorized for url: https://api.mistral.ai/v1/embeddings
2025-09-05 11:03:18,114 - services.api_client - ERROR - Error getting embedding from OpenRouter: Expecting value: line 1 column 1 (char 0)
2025-09-05 11:03:18,114 - services.rag_service - ERROR - Error generating embedding for document 520: Expecting value: line 1 column 1 (char 0)
2025-09-05 11:03:18,567 - services.api_client - ERROR - Error getting embedding: 401 Client Error: Unauthorized for url: https://api.mistral.ai/v1/embeddings
2025-09-05 11:03:18,754 - services.api_client - ERROR - Error getting embedding from OpenRouter: Expecting value: line 1 column 1 (char 0)
2025-09-05 11:03:18,754 - services.rag_service - ERROR - Error generating embedding for document 521: Expecting value: line 1 column 1 (char 0)
2025-09-05 11:03:18,960 - services.api_client - ERROR - Error getting embedding: 401 Client Error: Unauthorized for url: https://api.mistral.ai/v1/embeddings
2025-09-05 11:03:19,136 - services.api_client - ERROR - Error getting embedding from OpenRouter: Expecting value: line 1 column 1 (char 0)
2025-09-05 11:03:19,137 - services.rag_service - ERROR - Error generating embedding for document 522: Expecting value: line 1 column 1 (char 0)
2025-09-05 11:03:19,346 - services.api_client - ERROR - Error getting embedding: 401 Client Error: Unauthorized for url: https://api.mistral.ai/v1/embeddings
2025-09-05 11:03:19,540 - services.api_client - ERROR - Error getting embedding from OpenRouter: Expecting value: line 1 column 1 (char 0)
2025-09-05 11:03:19,541 - services.rag_service - ERROR - Error generating embedding for document 523: Expecting value: line 1 column 1 (char 0)
2025-09-05 11:03:19,993 - services.api_client - ERROR - Error getting embedding: 401 Client Error: Unauthorized for url: https://api.mistral.ai/v1/embeddings
2025-09-05 11:03:20,246 - services.api_client - ERROR - Error getting embedding from OpenRouter: Expecting value: line 1 column 1 (char 0)
2025-09-05 11:03:20,246 - services.rag_service - ERROR - Error generating embedding for document 524: Expecting value: line 1 column 1 (char 0)
2025-09-05 11:03:20,475 - services.api_client - ERROR - Error getting embedding: 401 Client Error: Unauthorized for url: https://api.mistral.ai/v1/embeddings
2025-09-05 11:03:20,643 - services.api_client - ERROR - Error getting embedding from OpenRouter: Expecting value: line 1 column 1 (char 0)
2025-09-05 11:03:20,649 - services.rag_service - ERROR - Error generating embedding for document 525: Expecting value: line 1 column 1 (char 0)
2025-09-05 11:03:20,888 - services.api_client - ERROR - Error getting embedding: 401 Client Error: Unauthorized for url: https://api.mistral.ai/v1/embeddings
2025-09-05 11:03:21,052 - services.api_client - ERROR - Error getting embedding from OpenRouter: Expecting value: line 1 column 1 (char 0)
2025-09-05 11:03:21,053 - services.rag_service - ERROR - Error generating embedding for document 526: Expecting value: line 1 column 1 (char 0)
2025-09-05 11:03:21,268 - services.api_client - ERROR - Error getting embedding: 401 Client Error: Unauthorized for url: https://api.mistral.ai/v1/embeddings
2025-09-05 11:03:21,448 - services.api_client - ERROR - Error getting embedding from OpenRouter: Expecting value: line 1 column 1 (char 0)
2025-09-05 11:03:21,449 - services.rag_service - ERROR - Error generating embedding for document 527: Expecting value: line 1 column 1 (char 0)
2025-09-05 11:03:21,647 - services.api_client - ERROR - Error getting embedding: 401 Client Error: Unauthorized for url: https://api.mistral.ai/v1/embeddings
2025-09-05 11:03:21,836 - services.api_client - ERROR - Error getting embedding from OpenRouter: Expecting value: line 1 column 1 (char 0)
2025-09-05 11:03:21,836 - services.rag_service - ERROR - Error generating embedding for document 528: Expecting value: line 1 column 1 (char 0)
2025-09-05 11:03:22,038 - services.api_client - ERROR - Error getting embedding: 401 Client Error: Unauthorized for url: https://api.mistral.ai/v1/embeddings
2025-09-05 11:03:22,220 - services.api_client - ERROR - Error getting embedding from OpenRouter: Expecting value: line 1 column 1 (char 0)
2025-09-05 11:03:22,221 - services.rag_service - ERROR - Error generating embedding for document 529: Expecting value: line 1 column 1 (char 0)
2025-09-05 11:03:22,446 - services.api_client - ERROR - Error getting embedding: 401 Client Error: Unauthorized for url: https://api.mistral.ai/v1/embeddings
2025-09-05 11:03:22,625 - services.api_client - ERROR - Error getting embedding from OpenRouter: Expecting value: line 1 column 1 (char 0)
2025-09-05 11:03:22,626 - services.rag_service - ERROR - Error generating embedding for document 530: Expecting value: line 1 column 1 (char 0)
2025-09-05 11:03:22,832 - services.api_client - ERROR - Error getting embedding: 401 Client Error: Unauthorized for url: https://api.mistral.ai/v1/embeddings
2025-09-05 11:03:23,014 - services.api_client - ERROR - Error getting embedding from OpenRouter: Expecting value: line 1 column 1 (char 0)
2025-09-05 11:03:23,015 - services.rag_service - ERROR - Error generating embedding for document 531: Expecting value: line 1 column 1 (char 0)
2025-09-05 11:03:23,223 - services.api_client - ERROR - Error getting embedding: 401 Client Error: Unauthorized for url: https://api.mistral.ai/v1/embeddings
2025-09-05 11:03:23,399 - services.api_client - ERROR - Error getting embedding from OpenRouter: Expecting value: line 1 column 1 (char 0)
2025-09-05 11:03:23,400 - services.rag_service - ERROR - Error generating embedding for document 532: Expecting value: line 1 column 1 (char 0)
2025-09-05 11:03:23,635 - services.api_client - ERROR - Error getting embedding: 401 Client Error: Unauthorized for url: https://api.mistral.ai/v1/embeddings
2025-09-05 11:03:23,827 - services.api_client - ERROR - Error getting embedding from OpenRouter: Expecting value: line 1 column 1 (char 0)
2025-09-05 11:03:23,828 - services.rag_service - ERROR - Error generating embedding for document 533: Expecting value: line 1 column 1 (char 0)
2025-09-05 11:03:24,041 - services.api_client - ERROR - Error getting embedding: 401 Client Error: Unauthorized for url: https://api.mistral.ai/v1/embeddings
2025-09-05 11:03:24,213 - services.api_client - ERROR - Error getting embedding from OpenRouter: Expecting value: line 1 column 1 (char 0)
2025-09-05 11:03:24,214 - services.rag_service - ERROR - Error generating embedding for document 534: Expecting value: line 1 column 1 (char 0)
2025-09-05 11:03:24,431 - services.api_client - ERROR - Error getting embedding: 401 Client Error: Unauthorized for url: https://api.mistral.ai/v1/embeddings
2025-09-05 11:03:24,609 - services.api_client - ERROR - Error getting embedding from OpenRouter: Expecting value: line 1 column 1 (char 0)
2025-09-05 11:03:24,610 - services.rag_service - ERROR - Error generating embedding for document 535: Expecting value: line 1 column 1 (char 0)
2025-09-05 11:03:24,819 - services.api_client - ERROR - Error getting embedding: 401 Client Error: Unauthorized for url: https://api.mistral.ai/v1/embeddings
2025-09-05 11:03:25,006 - services.api_client - ERROR - Error getting embedding from OpenRouter: Expecting value: line 1 column 1 (char 0)
2025-09-05 11:03:25,007 - services.rag_service - ERROR - Error generating embedding for document 536: Expecting value: line 1 column 1 (char 0)
2025-09-05 11:03:25,216 - services.api_client - ERROR - Error getting embedding: 401 Client Error: Unauthorized for url: https://api.mistral.ai/v1/embeddings
2025-09-05 11:03:25,548 - services.api_client - ERROR - Error getting embedding from OpenRouter: Expecting value: line 1 column 1 (char 0)
2025-09-05 11:03:25,548 - services.rag_service - ERROR - Error generating embedding for document 537: Expecting value: line 1 column 1 (char 0)
2025-09-05 11:03:25,753 - services.api_client - ERROR - Error getting embedding: 401 Client Error: Unauthorized for url: https://api.mistral.ai/v1/embeddings
2025-09-05 11:03:25,954 - services.api_client - ERROR - Error getting embedding from OpenRouter: Expecting value: line 1 column 1 (char 0)
2025-09-05 11:03:25,954 - services.rag_service - ERROR - Error generating embedding for document 538: Expecting value: line 1 column 1 (char 0)
2025-09-05 11:03:26,163 - services.api_client - ERROR - Error getting embedding: 401 Client Error: Unauthorized for url: https://api.mistral.ai/v1/embeddings
2025-09-05 11:03:26,342 - services.api_client - ERROR - Error getting embedding from OpenRouter: Expecting value: line 1 column 1 (char 0)
2025-09-05 11:03:26,342 - services.rag_service - ERROR - Error generating embedding for document 539: Expecting value: line 1 column 1 (char 0)
2025-09-05 11:03:26,571 - services.api_client - ERROR - Error getting embedding: 401 Client Error: Unauthorized for url: https://api.mistral.ai/v1/embeddings
2025-09-05 11:03:26,746 - services.api_client - ERROR - Error getting embedding from OpenRouter: Expecting value: line 1 column 1 (char 0)
2025-09-05 11:03:26,746 - services.rag_service - ERROR - Error generating embedding for document 540: Expecting value: line 1 column 1 (char 0)
2025-09-05 11:03:26,963 - services.api_client - ERROR - Error getting embedding: 401 Client Error: Unauthorized for url: https://api.mistral.ai/v1/embeddings
2025-09-05 11:03:27,150 - services.api_client - ERROR - Error getting embedding from OpenRouter: Expecting value: line 1 column 1 (char 0)
2025-09-05 11:03:27,151 - services.rag_service - ERROR - Error generating embedding for document 541: Expecting value: line 1 column 1 (char 0)
2025-09-05 11:03:27,348 - services.api_client - ERROR - Error getting embedding: 401 Client Error: Unauthorized for url: https://api.mistral.ai/v1/embeddings
2025-09-05 11:03:27,545 - services.api_client - ERROR - Error getting embedding from OpenRouter: Expecting value: line 1 column 1 (char 0)
2025-09-05 11:03:27,547 - services.rag_service - ERROR - Error generating embedding for document 542: Expecting value: line 1 column 1 (char 0)
2025-09-05 11:03:27,745 - services.api_client - ERROR - Error getting embedding: 401 Client Error: Unauthorized for url: https://api.mistral.ai/v1/embeddings
2025-09-05 11:03:27,964 - services.api_client - ERROR - Error getting embedding from OpenRouter: Expecting value: line 1 column 1 (char 0)
2025-09-05 11:03:27,964 - services.rag_service - ERROR - Error generating embedding for document 543: Expecting value: line 1 column 1 (char 0)
2025-09-05 11:03:28,203 - services.api_client - ERROR - Error getting embedding: 401 Client Error: Unauthorized for url: https://api.mistral.ai/v1/embeddings
2025-09-05 11:03:28,361 - services.api_client - ERROR - Error getting embedding from OpenRouter: Expecting value: line 1 column 1 (char 0)
2025-09-05 11:03:28,362 - services.rag_service - ERROR - Error generating embedding for document 544: Expecting value: line 1 column 1 (char 0)
2025-09-05 11:03:28,568 - services.api_client - ERROR - Error getting embedding: 401 Client Error: Unauthorized for url: https://api.mistral.ai/v1/embeddings
2025-09-05 11:03:28,757 - services.api_client - ERROR - Error getting embedding from OpenRouter: Expecting value: line 1 column 1 (char 0)
2025-09-05 11:03:28,757 - services.rag_service - ERROR - Error generating embedding for document 545: Expecting value: line 1 column 1 (char 0)
2025-09-05 11:03:29,191 - services.api_client - ERROR - Error getting embedding: 401 Client Error: Unauthorized for url: https://api.mistral.ai/v1/embeddings
2025-09-05 11:03:29,377 - services.api_client - ERROR - Error getting embedding from OpenRouter: Expecting value: line 1 column 1 (char 0)
2025-09-05 11:03:29,377 - services.rag_service - ERROR - Error generating embedding for document 546: Expecting value: line 1 column 1 (char 0)
2025-09-05 11:03:29,583 - services.api_client - ERROR - Error getting embedding: 401 Client Error: Unauthorized for url: https://api.mistral.ai/v1/embeddings
2025-09-05 11:03:29,765 - services.api_client - ERROR - Error getting embedding from OpenRouter: Expecting value: line 1 column 1 (char 0)
2025-09-05 11:03:29,765 - services.rag_service - ERROR - Error generating embedding for document 547: Expecting value: line 1 column 1 (char 0)
2025-09-05 11:03:29,973 - services.api_client - ERROR - Error getting embedding: 401 Client Error: Unauthorized for url: https://api.mistral.ai/v1/embeddings
2025-09-05 11:03:30,137 - services.api_client - ERROR - Error getting embedding from OpenRouter: Expecting value: line 1 column 1 (char 0)
2025-09-05 11:03:30,137 - services.rag_service - ERROR - Error generating embedding for document 548: Expecting value: line 1 column 1 (char 0)
2025-09-05 11:03:30,343 - services.api_client - ERROR - Error getting embedding: 401 Client Error: Unauthorized for url: https://api.mistral.ai/v1/embeddings
2025-09-05 11:03:30,518 - services.api_client - ERROR - Error getting embedding from OpenRouter: Expecting value: line 1 column 1 (char 0)
2025-09-05 11:03:30,520 - services.rag_service - ERROR - Error generating embedding for document 549: Expecting value: line 1 column 1 (char 0)
2025-09-05 11:03:30,759 - services.api_client - ERROR - Error getting embedding: 401 Client Error: Unauthorized for url: https://api.mistral.ai/v1/embeddings
2025-09-05 11:03:30,963 - services.api_client - ERROR - Error getting embedding from OpenRouter: Expecting value: line 1 column 1 (char 0)
2025-09-05 11:03:30,963 - services.rag_service - ERROR - Error generating embedding for document 550: Expecting value: line 1 column 1 (char 0)
2025-09-05 11:03:31,169 - services.api_client - ERROR - Error getting embedding: 401 Client Error: Unauthorized for url: https://api.mistral.ai/v1/embeddings
2025-09-05 11:03:31,345 - services.api_client - ERROR - Error getting embedding from OpenRouter: Expecting value: line 1 column 1 (char 0)
2025-09-05 11:03:31,345 - services.rag_service - ERROR - Error generating embedding for document 551: Expecting value: line 1 column 1 (char 0)
2025-09-05 11:03:31,564 - services.api_client - ERROR - Error getting embedding: 401 Client Error: Unauthorized for url: https://api.mistral.ai/v1/embeddings
2025-09-05 11:03:31,745 - services.api_client - ERROR - Error getting embedding from OpenRouter: Expecting value: line 1 column 1 (char 0)
2025-09-05 11:03:31,746 - services.rag_service - ERROR - Error generating embedding for document 552: Expecting value: line 1 column 1 (char 0)
2025-09-05 11:03:31,956 - services.api_client - ERROR - Error getting embedding: 401 Client Error: Unauthorized for url: https://api.mistral.ai/v1/embeddings
2025-09-05 11:03:32,149 - services.api_client - ERROR - Error getting embedding from OpenRouter: Expecting value: line 1 column 1 (char 0)
2025-09-05 11:03:32,150 - services.rag_service - ERROR - Error generating embedding for document 553: Expecting value: line 1 column 1 (char 0)
2025-09-05 11:03:32,369 - services.api_client - ERROR - Error getting embedding: 401 Client Error: Unauthorized for url: https://api.mistral.ai/v1/embeddings
2025-09-05 11:03:32,530 - services.api_client - ERROR - Error getting embedding from OpenRouter: Expecting value: line 1 column 1 (char 0)
2025-09-05 11:03:32,531 - services.rag_service - ERROR - Error generating embedding for document 554: Expecting value: line 1 column 1 (char 0)
2025-09-05 11:03:32,765 - services.api_client - ERROR - Error getting embedding: 401 Client Error: Unauthorized for url: https://api.mistral.ai/v1/embeddings
2025-09-05 11:03:33,005 - services.api_client - ERROR - Error getting embedding from OpenRouter: Expecting value: line 1 column 1 (char 0)
2025-09-05 11:03:33,006 - services.rag_service - ERROR - Error generating embedding for document 555: Expecting value: line 1 column 1 (char 0)
2025-09-05 11:03:33,208 - services.api_client - ERROR - Error getting embedding: 401 Client Error: Unauthorized for url: https://api.mistral.ai/v1/embeddings
2025-09-05 11:03:33,435 - services.api_client - ERROR - Error getting embedding from OpenRouter: Expecting value: line 1 column 1 (char 0)
2025-09-05 11:03:33,436 - services.rag_service - ERROR - Error generating embedding for document 556: Expecting value: line 1 column 1 (char 0)
2025-09-05 11:03:33,638 - services.api_client - ERROR - Error getting embedding: 401 Client Error: Unauthorized for url: https://api.mistral.ai/v1/embeddings
2025-09-05 11:03:33,847 - services.api_client - ERROR - Error getting embedding from OpenRouter: Expecting value: line 1 column 1 (char 0)
2025-09-05 11:03:33,848 - services.rag_service - ERROR - Error generating embedding for document 557: Expecting value: line 1 column 1 (char 0)
2025-09-05 11:03:34,065 - services.api_client - ERROR - Error getting embedding: 401 Client Error: Unauthorized for url: https://api.mistral.ai/v1/embeddings
2025-09-05 11:03:34,261 - services.api_client - ERROR - Error getting embedding from OpenRouter: Expecting value: line 1 column 1 (char 0)
2025-09-05 11:03:34,263 - services.rag_service - ERROR - Error generating embedding for document 558: Expecting value: line 1 column 1 (char 0)
2025-09-05 11:03:34,464 - services.api_client - ERROR - Error getting embedding: 401 Client Error: Unauthorized for url: https://api.mistral.ai/v1/embeddings
2025-09-05 11:03:34,658 - services.api_client - ERROR - Error getting embedding from OpenRouter: Expecting value: line 1 column 1 (char 0)
2025-09-05 11:03:34,665 - services.rag_service - ERROR - Error generating embedding for document 559: Expecting value: line 1 column 1 (char 0)
2025-09-05 11:03:34,883 - services.api_client - ERROR - Error getting embedding: 401 Client Error: Unauthorized for url: https://api.mistral.ai/v1/embeddings
2025-09-05 11:03:35,255 - services.api_client - ERROR - Error getting embedding from OpenRouter: Expecting value: line 1 column 1 (char 0)
2025-09-05 11:03:35,255 - services.rag_service - ERROR - Error generating embedding for document 560: Expecting value: line 1 column 1 (char 0)
2025-09-05 11:03:35,469 - services.api_client - ERROR - Error getting embedding: 401 Client Error: Unauthorized for url: https://api.mistral.ai/v1/embeddings
2025-09-05 11:03:35,645 - services.api_client - ERROR - Error getting embedding from OpenRouter: Expecting value: line 1 column 1 (char 0)
2025-09-05 11:03:35,645 - services.rag_service - ERROR - Error generating embedding for document 561: Expecting value: line 1 column 1 (char 0)
2025-09-05 11:03:35,861 - services.api_client - ERROR - Error getting embedding: 401 Client Error: Unauthorized for url: https://api.mistral.ai/v1/embeddings
2025-09-05 11:03:36,048 - services.api_client - ERROR - Error getting embedding from OpenRouter: Expecting value: line 1 column 1 (char 0)
2025-09-05 11:03:36,049 - services.rag_service - ERROR - Error generating embedding for document 562: Expecting value: line 1 column 1 (char 0)
2025-09-05 11:03:36,251 - services.api_client - ERROR - Error getting embedding: 401 Client Error: Unauthorized for url: https://api.mistral.ai/v1/embeddings
2025-09-05 11:03:36,433 - services.api_client - ERROR - Error getting embedding from OpenRouter: Expecting value: line 1 column 1 (char 0)
2025-09-05 11:03:36,433 - services.rag_service - ERROR - Error generating embedding for document 563: Expecting value: line 1 column 1 (char 0)
2025-09-05 11:03:36,649 - services.api_client - ERROR - Error getting embedding: 401 Client Error: Unauthorized for url: https://api.mistral.ai/v1/embeddings
2025-09-05 11:03:36,823 - services.api_client - ERROR - Error getting embedding from OpenRouter: Expecting value: line 1 column 1 (char 0)
2025-09-05 11:03:36,823 - services.rag_service - ERROR - Error generating embedding for document 564: Expecting value: line 1 column 1 (char 0)
2025-09-05 11:03:37,027 - services.api_client - ERROR - Error getting embedding: 401 Client Error: Unauthorized for url: https://api.mistral.ai/v1/embeddings
2025-09-05 11:03:37,212 - services.api_client - ERROR - Error getting embedding from OpenRouter: Expecting value: line 1 column 1 (char 0)
2025-09-05 11:03:37,213 - services.rag_service - ERROR - Error generating embedding for document 565: Expecting value: line 1 column 1 (char 0)
2025-09-05 11:03:37,476 - services.api_client - ERROR - Error getting embedding: 401 Client Error: Unauthorized for url: https://api.mistral.ai/v1/embeddings
2025-09-05 11:03:37,680 - services.api_client - ERROR - Error getting embedding from OpenRouter: Expecting value: line 1 column 1 (char 0)
2025-09-05 11:03:37,680 - services.rag_service - ERROR - Error generating embedding for document 566: Expecting value: line 1 column 1 (char 0)
2025-09-05 11:03:37,911 - services.api_client - ERROR - Error getting embedding: 401 Client Error: Unauthorized for url: https://api.mistral.ai/v1/embeddings
2025-09-05 11:03:42,134 - services.api_client - ERROR - Error getting embedding from OpenRouter: Expecting value: line 1 column 1 (char 0)
2025-09-05 11:03:42,134 - services.rag_service - ERROR - Error generating embedding for document 567: Expecting value: line 1 column 1 (char 0)
2025-09-05 11:03:42,340 - services.api_client - ERROR - Error getting embedding: 401 Client Error: Unauthorized for url: https://api.mistral.ai/v1/embeddings
2025-09-05 11:03:42,515 - services.api_client - ERROR - Error getting embedding from OpenRouter: Expecting value: line 1 column 1 (char 0)
2025-09-05 11:03:42,516 - services.rag_service - ERROR - Error generating embedding for document 568: Expecting value: line 1 column 1 (char 0)
2025-09-05 11:03:42,731 - services.api_client - ERROR - Error getting embedding: 401 Client Error: Unauthorized for url: https://api.mistral.ai/v1/embeddings
2025-09-05 11:03:42,890 - services.api_client - ERROR - Error getting embedding from OpenRouter: Expecting value: line 1 column 1 (char 0)
2025-09-05 11:03:42,890 - services.rag_service - ERROR - Error generating embedding for document 569: Expecting value: line 1 column 1 (char 0)
2025-09-05 11:03:43,091 - services.api_client - ERROR - Error getting embedding: 401 Client Error: Unauthorized for url: https://api.mistral.ai/v1/embeddings
2025-09-05 11:03:43,260 - services.api_client - ERROR - Error getting embedding from OpenRouter: Expecting value: line 1 column 1 (char 0)
2025-09-05 11:03:43,261 - services.rag_service - ERROR - Error generating embedding for document 570: Expecting value: line 1 column 1 (char 0)
2025-09-05 11:03:43,503 - services.api_client - ERROR - Error getting embedding: 401 Client Error: Unauthorized for url: https://api.mistral.ai/v1/embeddings
2025-09-05 11:03:43,683 - services.api_client - ERROR - Error getting embedding from OpenRouter: Expecting value: line 1 column 1 (char 0)
2025-09-05 11:03:43,683 - services.rag_service - ERROR - Error generating embedding for document 571: Expecting value: line 1 column 1 (char 0)
2025-09-05 11:03:43,881 - services.api_client - ERROR - Error getting embedding: 401 Client Error: Unauthorized for url: https://api.mistral.ai/v1/embeddings
2025-09-05 11:03:44,073 - services.api_client - ERROR - Error getting embedding from OpenRouter: Expecting value: line 1 column 1 (char 0)
2025-09-05 11:03:44,073 - services.rag_service - ERROR - Error generating embedding for document 572: Expecting value: line 1 column 1 (char 0)
2025-09-05 11:03:44,291 - services.api_client - ERROR - Error getting embedding: 401 Client Error: Unauthorized for url: https://api.mistral.ai/v1/embeddings
2025-09-05 11:03:44,484 - services.api_client - ERROR - Error getting embedding from OpenRouter: Expecting value: line 1 column 1 (char 0)
2025-09-05 11:03:44,484 - services.rag_service - ERROR - Error generating embedding for document 573: Expecting value: line 1 column 1 (char 0)
2025-09-05 11:03:44,726 - services.api_client - ERROR - Error getting embedding: 401 Client Error: Unauthorized for url: https://api.mistral.ai/v1/embeddings
2025-09-05 11:03:44,894 - services.api_client - ERROR - Error getting embedding from OpenRouter: Expecting value: line 1 column 1 (char 0)
2025-09-05 11:03:44,894 - services.rag_service - ERROR - Error generating embedding for document 574: Expecting value: line 1 column 1 (char 0)
2025-09-05 11:03:45,106 - services.api_client - ERROR - Error getting embedding: 401 Client Error: Unauthorized for url: https://api.mistral.ai/v1/embeddings
2025-09-05 11:03:45,285 - services.api_client - ERROR - Error getting embedding from OpenRouter: Expecting value: line 1 column 1 (char 0)
2025-09-05 11:03:45,287 - services.rag_service - ERROR - Error generating embedding for document 575: Expecting value: line 1 column 1 (char 0)
2025-09-05 11:03:45,520 - services.api_client - ERROR - Error getting embedding: 401 Client Error: Unauthorized for url: https://api.mistral.ai/v1/embeddings
2025-09-05 11:03:45,693 - services.api_client - ERROR - Error getting embedding from OpenRouter: Expecting value: line 1 column 1 (char 0)
2025-09-05 11:03:45,694 - services.rag_service - ERROR - Error generating embedding for document 576: Expecting value: line 1 column 1 (char 0)
2025-09-05 11:03:45,897 - services.api_client - ERROR - Error getting embedding: 401 Client Error: Unauthorized for url: https://api.mistral.ai/v1/embeddings
2025-09-05 11:03:46,057 - services.api_client - ERROR - Error getting embedding from OpenRouter: Expecting value: line 1 column 1 (char 0)
2025-09-05 11:03:46,057 - services.rag_service - ERROR - Error generating embedding for document 577: Expecting value: line 1 column 1 (char 0)
2025-09-05 11:03:46,268 - services.api_client - ERROR - Error getting embedding: 401 Client Error: Unauthorized for url: https://api.mistral.ai/v1/embeddings
2025-09-05 11:03:46,552 - services.api_client - ERROR - Error getting embedding from OpenRouter: Expecting value: line 1 column 1 (char 0)
2025-09-05 11:03:46,553 - services.rag_service - ERROR - Error generating embedding for document 578: Expecting value: line 1 column 1 (char 0)
2025-09-05 11:03:46,766 - services.api_client - ERROR - Error getting embedding: 401 Client Error: Unauthorized for url: https://api.mistral.ai/v1/embeddings
2025-09-05 11:03:46,950 - services.api_client - ERROR - Error getting embedding from OpenRouter: Expecting value: line 1 column 1 (char 0)
2025-09-05 11:03:46,953 - services.rag_service - ERROR - Error generating embedding for document 579: Expecting value: line 1 column 1 (char 0)
2025-09-05 11:03:47,203 - services.api_client - ERROR - Error getting embedding: 401 Client Error: Unauthorized for url: https://api.mistral.ai/v1/embeddings
2025-09-05 11:03:47,377 - services.api_client - ERROR - Error getting embedding from OpenRouter: Expecting value: line 1 column 1 (char 0)
2025-09-05 11:03:47,378 - services.rag_service - ERROR - Error generating embedding for document 580: Expecting value: line 1 column 1 (char 0)
2025-09-05 11:03:47,593 - services.api_client - ERROR - Error getting embedding: 401 Client Error: Unauthorized for url: https://api.mistral.ai/v1/embeddings
2025-09-05 11:03:47,772 - services.api_client - ERROR - Error getting embedding from OpenRouter: Expecting value: line 1 column 1 (char 0)
2025-09-05 11:03:47,773 - services.rag_service - ERROR - Error generating embedding for document 581: Expecting value: line 1 column 1 (char 0)
2025-09-05 11:03:47,978 - services.api_client - ERROR - Error getting embedding: 401 Client Error: Unauthorized for url: https://api.mistral.ai/v1/embeddings
2025-09-05 11:03:48,314 - services.api_client - ERROR - Error getting embedding from OpenRouter: Expecting value: line 1 column 1 (char 0)
2025-09-05 11:03:48,314 - services.rag_service - ERROR - Error generating embedding for document 582: Expecting value: line 1 column 1 (char 0)
2025-09-05 11:03:48,534 - services.api_client - ERROR - Error getting embedding: 401 Client Error: Unauthorized for url: https://api.mistral.ai/v1/embeddings
2025-09-05 11:03:48,704 - services.api_client - ERROR - Error getting embedding from OpenRouter: Expecting value: line 1 column 1 (char 0)
2025-09-05 11:03:48,704 - services.rag_service - ERROR - Error generating embedding for document 583: Expecting value: line 1 column 1 (char 0)
2025-09-05 11:03:48,912 - services.api_client - ERROR - Error getting embedding: 401 Client Error: Unauthorized for url: https://api.mistral.ai/v1/embeddings
2025-09-05 11:03:49,107 - services.api_client - ERROR - Error getting embedding from OpenRouter: Expecting value: line 1 column 1 (char 0)
2025-09-05 11:03:49,107 - services.rag_service - ERROR - Error generating embedding for document 584: Expecting value: line 1 column 1 (char 0)
2025-09-05 11:03:49,317 - services.api_client - ERROR - Error getting embedding: 401 Client Error: Unauthorized for url: https://api.mistral.ai/v1/embeddings
2025-09-05 11:03:49,486 - services.api_client - ERROR - Error getting embedding from OpenRouter: Expecting value: line 1 column 1 (char 0)
2025-09-05 11:03:49,486 - services.rag_service - ERROR - Error generating embedding for document 585: Expecting value: line 1 column 1 (char 0)
2025-09-05 11:03:49,720 - services.api_client - ERROR - Error getting embedding: 401 Client Error: Unauthorized for url: https://api.mistral.ai/v1/embeddings
2025-09-05 11:03:49,906 - services.api_client - ERROR - Error getting embedding from OpenRouter: Expecting value: line 1 column 1 (char 0)
2025-09-05 11:03:49,907 - services.rag_service - ERROR - Error generating embedding for document 586: Expecting value: line 1 column 1 (char 0)
2025-09-05 11:03:50,103 - services.api_client - ERROR - Error getting embedding: 401 Client Error: Unauthorized for url: https://api.mistral.ai/v1/embeddings
2025-09-05 11:03:50,297 - services.api_client - ERROR - Error getting embedding from OpenRouter: Expecting value: line 1 column 1 (char 0)
2025-09-05 11:03:50,298 - services.rag_service - ERROR - Error generating embedding for document 587: Expecting value: line 1 column 1 (char 0)
2025-09-05 11:03:50,936 - services.api_client - ERROR - Error getting embedding: 401 Client Error: Unauthorized for url: https://api.mistral.ai/v1/embeddings
2025-09-05 11:03:51,115 - services.api_client - ERROR - Error getting embedding from OpenRouter: Expecting value: line 1 column 1 (char 0)
2025-09-05 11:03:51,116 - services.rag_service - ERROR - Error generating embedding for document 588: Expecting value: line 1 column 1 (char 0)
2025-09-05 11:03:51,340 - services.api_client - ERROR - Error getting embedding: 401 Client Error: Unauthorized for url: https://api.mistral.ai/v1/embeddings
2025-09-05 11:03:51,519 - services.api_client - ERROR - Error getting embedding from OpenRouter: Expecting value: line 1 column 1 (char 0)
2025-09-05 11:03:51,519 - services.rag_service - ERROR - Error generating embedding for document 589: Expecting value: line 1 column 1 (char 0)
2025-09-05 11:03:51,964 - services.api_client - ERROR - Error getting embedding: 401 Client Error: Unauthorized for url: https://api.mistral.ai/v1/embeddings
2025-09-05 11:03:52,137 - services.api_client - ERROR - Error getting embedding from OpenRouter: Expecting value: line 1 column 1 (char 0)
2025-09-05 11:03:52,138 - services.rag_service - ERROR - Error generating embedding for document 590: Expecting value: line 1 column 1 (char 0)
2025-09-05 11:03:52,334 - services.api_client - ERROR - Error getting embedding: 401 Client Error: Unauthorized for url: https://api.mistral.ai/v1/embeddings
2025-09-05 11:03:52,524 - services.api_client - ERROR - Error getting embedding from OpenRouter: Expecting value: line 1 column 1 (char 0)
2025-09-05 11:03:52,524 - services.rag_service - ERROR - Error generating embedding for document 591: Expecting value: line 1 column 1 (char 0)
2025-09-05 11:03:52,744 - services.api_client - ERROR - Error getting embedding: 401 Client Error: Unauthorized for url: https://api.mistral.ai/v1/embeddings
2025-09-05 11:03:52,925 - services.api_client - ERROR - Error getting embedding from OpenRouter: Expecting value: line 1 column 1 (char 0)
2025-09-05 11:03:52,925 - services.rag_service - ERROR - Error generating embedding for document 592: Expecting value: line 1 column 1 (char 0)
2025-09-05 11:03:53,122 - services.api_client - ERROR - Error getting embedding: 401 Client Error: Unauthorized for url: https://api.mistral.ai/v1/embeddings
2025-09-05 11:03:53,322 - services.api_client - ERROR - Error getting embedding from OpenRouter: Expecting value: line 1 column 1 (char 0)
2025-09-05 11:03:53,323 - services.rag_service - ERROR - Error generating embedding for document 593: Expecting value: line 1 column 1 (char 0)
2025-09-05 11:03:53,542 - services.api_client - ERROR - Error getting embedding: 401 Client Error: Unauthorized for url: https://api.mistral.ai/v1/embeddings
2025-09-05 11:03:53,718 - services.api_client - ERROR - Error getting embedding from OpenRouter: Expecting value: line 1 column 1 (char 0)
2025-09-05 11:03:53,719 - services.rag_service - ERROR - Error generating embedding for document 594: Expecting value: line 1 column 1 (char 0)
2025-09-05 11:03:53,939 - services.api_client - ERROR - Error getting embedding: 401 Client Error: Unauthorized for url: https://api.mistral.ai/v1/embeddings
2025-09-05 11:03:54,158 - services.api_client - ERROR - Error getting embedding from OpenRouter: Expecting value: line 1 column 1 (char 0)
2025-09-05 11:03:54,159 - services.rag_service - ERROR - Error generating embedding for document 595: Expecting value: line 1 column 1 (char 0)
2025-09-05 11:03:54,375 - services.api_client - ERROR - Error getting embedding: 401 Client Error: Unauthorized for url: https://api.mistral.ai/v1/embeddings
2025-09-05 11:03:54,582 - services.api_client - ERROR - Error getting embedding from OpenRouter: Expecting value: line 1 column 1 (char 0)
2025-09-05 11:03:54,586 - services.rag_service - ERROR - Error generating embedding for document 596: Expecting value: line 1 column 1 (char 0)
2025-09-05 11:03:54,790 - services.api_client - ERROR - Error getting embedding: 401 Client Error: Unauthorized for url: https://api.mistral.ai/v1/embeddings
2025-09-05 11:03:54,974 - services.api_client - ERROR - Error getting embedding from OpenRouter: Expecting value: line 1 column 1 (char 0)
2025-09-05 11:03:54,975 - services.rag_service - ERROR - Error generating embedding for document 597: Expecting value: line 1 column 1 (char 0)
2025-09-05 11:03:55,210 - services.api_client - ERROR - Error getting embedding: 401 Client Error: Unauthorized for url: https://api.mistral.ai/v1/embeddings
2025-09-05 11:03:55,401 - services.api_client - ERROR - Error getting embedding from OpenRouter: Expecting value: line 1 column 1 (char 0)
2025-09-05 11:03:55,401 - services.rag_service - ERROR - Error generating embedding for document 598: Expecting value: line 1 column 1 (char 0)
2025-09-05 11:03:55,600 - services.api_client - ERROR - Error getting embedding: 401 Client Error: Unauthorized for url: https://api.mistral.ai/v1/embeddings
2025-09-05 11:03:55,768 - services.api_client - ERROR - Error getting embedding from OpenRouter: Expecting value: line 1 column 1 (char 0)
2025-09-05 11:03:55,768 - services.rag_service - ERROR - Error generating embedding for document 599: Expecting value: line 1 column 1 (char 0)
2025-09-05 11:03:55,987 - services.api_client - ERROR - Error getting embedding: 401 Client Error: Unauthorized for url: https://api.mistral.ai/v1/embeddings
2025-09-05 11:03:56,172 - services.api_client - ERROR - Error getting embedding from OpenRouter: Expecting value: line 1 column 1 (char 0)
2025-09-05 11:03:56,173 - services.rag_service - ERROR - Error generating embedding for document 600: Expecting value: line 1 column 1 (char 0)
2025-09-05 11:03:56,375 - services.api_client - ERROR - Error getting embedding: 401 Client Error: Unauthorized for url: https://api.mistral.ai/v1/embeddings
2025-09-05 11:03:56,544 - services.api_client - ERROR - Error getting embedding from OpenRouter: Expecting value: line 1 column 1 (char 0)
2025-09-05 11:03:56,545 - services.rag_service - ERROR - Error generating embedding for document 601: Expecting value: line 1 column 1 (char 0)
2025-09-05 11:03:56,747 - services.api_client - ERROR - Error getting embedding: 401 Client Error: Unauthorized for url: https://api.mistral.ai/v1/embeddings
2025-09-05 11:03:56,926 - services.api_client - ERROR - Error getting embedding from OpenRouter: Expecting value: line 1 column 1 (char 0)
2025-09-05 11:03:56,929 - services.rag_service - ERROR - Error generating embedding for document 602: Expecting value: line 1 column 1 (char 0)
2025-09-05 11:03:57,141 - services.api_client - ERROR - Error getting embedding: 401 Client Error: Unauthorized for url: https://api.mistral.ai/v1/embeddings
2025-09-05 11:03:57,313 - services.api_client - ERROR - Error getting embedding from OpenRouter: Expecting value: line 1 column 1 (char 0)
2025-09-05 11:03:57,314 - services.rag_service - ERROR - Error generating embedding for document 603: Expecting value: line 1 column 1 (char 0)
2025-09-05 11:03:57,524 - services.api_client - ERROR - Error getting embedding: 401 Client Error: Unauthorized for url: https://api.mistral.ai/v1/embeddings
2025-09-05 11:03:57,966 - services.api_client - ERROR - Error getting embedding from OpenRouter: Expecting value: line 1 column 1 (char 0)
2025-09-05 11:03:57,967 - services.rag_service - ERROR - Error generating embedding for document 604: Expecting value: line 1 column 1 (char 0)
